frame_id,luminance,enhanced,adapt_ms
3,131.11,False,68.468
6,131.55,False,2.133
7,131.29,False,2.156
8,130.67,False,2.151
9,129.93,False,2.14
10,128.82,False,2.165
11,127.52,False,2.168
12,126.71,False,2.16
13,126.25,False,2.158
14,126.05,False,2.141
15,124.95,False,2.756
17,125.05,False,2.308
18,125.2,False,2.206
19,124.87,False,2.145
20,124.91,False,2.194
21,124.67,False,2.415
22,124.5,False,2.145
23,124.14,False,2.173
24,124.04,False,2.13
25,123.79,False,2.147
26,123.66,False,2.157
27,123.06,False,2.173
28,123.63,False,2.151
29,123.85,False,2.203
30,124.03,False,2.201
31,123.94,False,2.177
32,124.21,False,2.134
33,124.38,False,2.169
34,124.86,False,2.193
35,125.12,False,2.158
36,125.12,False,2.146
37,125.04,False,2.155
38,125.33,False,2.195
39,125.28,False,2.201
40,125.21,False,2.247
42,124.95,False,2.225
43,124.88,False,2.693
44,124.56,False,2.172
45,124.39,False,2.183
46,124.35,False,2.159
47,124.19,False,2.181
48,124.41,False,2.185
49,124.28,False,2.197
50,124.38,False,2.174
51,124.35,False,2.173
52,124.34,False,2.25
53,124.42,False,2.16
54,124.56,False,2.2
55,124.37,False,2.203
56,124.56,False,2.184
57,124.49,False,2.216
58,124.39,False,2.159
59,124.45,False,2.166
60,124.08,False,2.155
61,124.01,False,2.174
62,123.89,False,2.198
63,123.62,False,2.178
64,123.79,False,2.169
65,124.01,False,2.147
66,123.78,False,2.168
67,123.81,False,2.172
68,123.79,False,2.196
69,123.73,False,2.195
70,123.62,False,2.182
71,123.56,False,2.182
72,123.56,False,2.417
73,123.79,False,2.18
74,123.73,False,2.207
75,123.56,False,2.195
76,123.62,False,2.17
77,123.53,False,2.182
78,123.43,False,2.156
79,122.93,False,2.284
80,123.22,False,2.193
81,123.32,False,2.203
82,123.33,False,2.185
83,123.38,False,2.237
84,123.5,False,2.161
85,123.75,False,2.172
86,123.64,False,2.239
88,123.78,False,2.196
89,123.93,False,2.203
90,124.03,False,2.214
91,124.07,False,2.231
92,124.04,False,2.174
93,123.96,False,2.215
94,124.06,False,2.199
95,123.61,False,2.188
96,123.69,False,2.211
97,123.62,False,2.202
98,123.76,False,2.204
99,123.71,False,2.2
100,123.77,False,2.199
102,123.56,False,2.193
103,123.5,False,2.201
104,123.72,False,2.277
105,123.7,False,2.205
106,123.77,False,2.228
108,123.91,False,2.25
109,123.88,False,2.232
111,123.51,False,2.205
112,123.7,False,2.219
113,123.51,False,2.35
114,123.78,False,2.283
115,123.8,False,2.261
116,123.97,False,2.22
117,123.81,False,2.221
118,123.9,False,2.218
119,123.83,False,2.224
120,123.91,False,2.201
121,123.7,False,2.203
122,123.75,False,2.224
123,123.63,False,2.225
124,123.56,False,2.258
125,123.25,False,2.224
126,123.24,False,2.228
127,122.84,False,2.223
129,122.58,False,2.198
130,122.82,False,2.202
131,122.7,False,2.222
132,122.67,False,2.206
133,122.37,False,2.22
134,122.36,False,2.202
135,122.18,False,2.197
136,122.21,False,2.196
137,121.97,False,2.361
139,122.07,False,2.405
140,122.2,False,2.18
141,122.08,False,2.174
142,122.14,False,2.202
143,121.94,False,2.195
144,122.12,False,2.427
145,122.0,False,2.334
147,121.97,False,2.366
148,122.0,False,2.429
149,121.86,False,2.416
151,121.8,False,2.261
152,121.96,False,2.415
154,122.08,False,2.348
155,122.01,False,2.228
156,122.1,False,2.544
157,121.93,False,2.422
159,121.57,False,2.31
160,121.58,False,2.285
161,121.47,False,2.379
163,121.36,False,2.408
164,121.57,False,2.366
165,121.45,False,2.241
167,121.53,False,2.502
168,121.56,False,2.482
170,121.65,False,3.494
172,121.74,False,2.347
173,121.59,False,2.44
174,121.56,False,2.457
176,121.35,False,2.353
177,121.34,False,2.443
178,121.52,False,2.437
180,121.52,False,2.823
181,121.73,False,2.392
183,121.58,False,2.657
184,121.87,False,2.319
186,122.0,False,2.418
187,122.22,False,2.449
188,122.28,False,2.374
190,122.34,False,2.362
191,121.97,False,2.333
192,122.07,False,2.36
193,122.26,False,2.379
195,122.41,False,2.587
196,122.66,False,2.343
197,122.73,False,2.341
199,122.94,False,2.429
200,123.25,False,2.414
201,123.34,False,2.312
202,123.4,False,2.311
203,123.62,False,2.286
205,123.78,False,2.279
206,124.04,False,2.517
207,123.78,False,2.385
208,123.95,False,2.342
209,124.17,False,2.265
210,124.22,False,2.282
212,124.32,False,2.268
213,124.19,False,2.292
214,124.24,False,2.311
215,124.12,False,2.287
216,124.1,False,2.395
217,124.09,False,2.316
218,123.94,False,2.479
220,123.77,False,2.479
221,123.55,False,2.295
222,123.39,False,2.287
223,122.88,False,2.367
224,122.79,False,2.28
226,122.66,False,2.295
227,122.46,False,2.326
228,122.53,False,2.326
229,122.36,False,2.303
230,122.33,False,2.308
232,122.28,False,2.286
233,122.17,False,2.294
234,122.27,False,2.3
235,122.23,False,2.271
236,122.12,False,2.276
238,122.01,False,2.29
239,121.55,False,2.288
240,121.52,False,2.295
241,121.56,False,2.3
242,121.63,False,2.298
243,121.55,False,2.315
244,121.69,False,2.279
246,121.64,False,2.273
247,121.73,False,2.296
248,121.82,False,2.285
249,121.85,False,2.307
250,122.01,False,2.4
251,122.07,False,2.322
252,122.22,False,2.274
253,122.21,False,2.283
255,121.85,False,2.281
256,121.91,False,2.397
257,122.08,False,2.485
259,121.97,False,2.554
260,122.2,False,2.35
261,122.11,False,2.284
263,123.07,False,2.534
264,123.26,False,2.415
265,123.72,False,2.315
266,124.04,False,2.292
267,124.14,False,2.289
268,124.51,False,2.289
270,125.07,False,2.299
271,126.15,False,2.281
272,126.4,False,2.342
273,126.84,False,2.283
274,127.05,False,2.456
276,127.65,False,2.354
277,127.73,False,2.358
278,127.8,False,2.29
280,128.24,False,2.309
281,128.37,False,2.328
282,128.75,False,2.319
283,128.84,False,2.34
284,128.97,False,2.383
286,129.29,False,2.327
287,130.0,False,2.328
288,130.08,False,2.346
289,130.29,False,2.389
290,130.29,False,2.292
291,130.36,False,2.283
293,130.48,False,2.346
294,130.4,False,2.317
295,130.6,False,2.274
296,130.61,False,2.251
298,130.76,False,2.274
299,130.79,False,2.256
300,130.89,False,2.295
302,131.12,False,2.284
303,131.02,False,2.292
304,131.17,False,2.293
305,131.37,False,2.31
306,131.31,False,2.385
308,131.49,False,2.287
309,131.39,False,2.394
310,131.39,False,2.417
311,131.54,False,2.289
313,131.69,False,2.274
314,131.78,False,2.294
315,131.54,False,2.308
316,131.47,False,2.291
317,131.62,False,2.292
318,131.58,False,2.336
320,130.88,False,2.401
321,131.0,False,2.376
322,130.89,False,2.313
323,130.76,False,2.491
325,130.99,False,2.401
327,131.11,False,2.279
329,130.92,False,2.37
330,131.13,False,2.329
331,130.92,False,2.441
332,130.79,False,2.348
334,130.47,False,2.347
335,129.92,False,2.299
336,130.13,False,2.304
337,130.0,False,2.275
338,130.16,False,2.294
340,130.83,False,2.29
341,130.86,False,2.866
343,131.39,False,2.453
344,131.46,False,2.446
346,131.18,False,2.294
347,130.81,False,2.288
348,131.06,False,2.301
349,130.48,False,2.286
351,129.8,False,2.302
352,129.63,False,2.297
353,129.27,False,2.282
354,129.31,False,2.299
355,129.15,False,2.3
356,129.14,False,2.316
358,129.09,False,2.35
359,128.88,False,2.294
360,128.96,False,2.271
361,128.61,False,2.291
362,128.43,False,2.276
363,127.92,False,2.286
365,127.11,False,2.295
366,126.4,False,2.409
367,126.08,False,2.417
368,125.44,False,2.286
369,125.04,False,2.437
370,124.55,False,2.288
371,124.05,False,2.295
373,123.47,False,2.284
374,123.11,False,2.296
375,122.75,False,2.286
376,122.53,False,2.295
378,122.1,False,2.39
379,122.04,False,2.335
380,122.26,False,2.396
381,122.51,False,2.346
382,122.53,False,2.277
384,122.95,False,2.321
385,123.04,False,2.256
386,123.03,False,2.323
387,122.8,False,2.285
388,122.92,False,2.322
390,122.74,False,2.251
391,122.82,False,2.356
392,122.82,False,2.37
393,122.78,False,2.267
395,123.36,False,2.308
396,123.74,False,2.384
397,124.1,False,2.37
398,124.48,False,2.437
399,124.94,False,2.297
401,125.45,False,2.345
402,125.48,False,2.301
403,125.3,False,2.391
404,125.84,False,2.368
405,125.79,False,2.326
406,126.28,False,2.345
407,126.42,False,2.291
409,126.73,False,2.251
410,127.31,False,2.301
411,127.47,False,2.281
412,128.3,False,2.257
413,128.69,False,2.262
415,129.55,False,2.274
416,129.89,False,2.299
417,130.39,False,2.278
418,130.79,False,2.304
419,131.25,False,2.293
420,131.53,False,2.284
422,131.5,False,2.297
423,131.69,False,2.33
424,131.52,False,2.333
426,131.51,False,2.321
427,131.77,False,2.272
428,131.86,False,2.301
430,132.15,False,2.376
431,132.08,False,2.303
433,132.56,False,2.364
434,132.6,False,2.447
435,132.69,False,2.388
437,132.41,False,2.369
438,132.15,False,2.402
439,132.01,False,2.31
440,131.88,False,2.33
441,131.95,False,2.293
442,132.15,False,2.286
443,132.61,False,2.331
445,133.54,False,2.28
446,133.6,False,2.395
448,133.8,False,2.286
449,133.96,False,2.292
450,134.04,False,2.301
451,133.85,False,2.387
452,133.92,False,2.393
454,133.95,False,2.363
455,133.85,False,2.279
456,133.63,False,2.24
457,133.44,False,2.264
459,133.17,False,2.279
460,132.79,False,2.291
461,132.5,False,2.312
462,132.42,False,2.289
463,132.44,False,2.324
465,132.51,False,2.29
466,132.68,False,2.302
467,132.63,False,2.293
468,133.04,False,2.303
469,133.07,False,2.371
471,133.38,False,2.275
472,133.63,False,2.293
473,133.6,False,2.378
474,133.81,False,2.341
475,133.92,False,2.285
476,134.0,False,2.629
478,133.82,False,2.263
479,133.84,False,2.296
480,133.76,False,2.302
481,133.76,False,2.302
482,133.88,False,2.322
484,133.66,False,2.516
485,133.7,False,2.278
486,133.63,False,2.29
487,133.6,False,2.267
488,133.66,False,2.319
489,133.81,False,2.308
491,134.0,False,2.334
492,133.96,False,2.303
493,134.06,False,2.327
494,134.09,False,2.742
495,133.95,False,2.48
497,134.04,False,2.286
498,134.18,False,2.51
499,134.28,False,2.272
500,134.39,False,2.474
502,134.7,False,2.3
503,134.77,False,2.405
504,135.03,False,2.39
505,134.94,False,2.369
506,135.32,False,2.395
507,135.27,False,2.367
508,135.5,False,2.386
509,135.34,False,2.33
510,135.48,False,2.328
