video,condition,width,height,fps,frame_count,duration_seconds
1.mp4,day,1280,720,29.97,300,10.01
2.mp4,day,1280,720,29.97,300,10.01
3.mp4,day,1280,720,29.97,300,10.01
4.mp4,day,1280,720,29.97,300,10.01
5.mp4,day,1280,720,30.0,300,10.0
6.mp4,day,1280,720,30.0,300,10.0
9.mp4,day,1280,720,29.97,300,10.01
10.mp4,day,1280,720,59.94,600,10.01
11.mp4,day,1280,720,30.0,300,10.0
12.mp4,day,1280,720,30.0,300,10.0
13.mp4,day,1280,720,29.97,300,10.01
15.mp4,day,1280,720,29.97,300,10.01
17.mp4,day,1280,720,30.0,300,10.0
18.mp4,day,1280,720,29.97,780,26.03
19.mp4,day,1280,720,30.0,300,10.0
20.mp4,day,1280,720,29.97,300,10.01
22.mp4,day,1280,720,29.97,300,10.01
23.mp4,day,1280,720,29.97,300,10.01
24.mp4,day,1280,720,30.0,300,10.0
25.mp4,day,1280,720,29.97,300,10.01
27.mp4,day,1280,720,29.97,300,10.01
28.mp4,day,1280,720,29.97,300,10.01
29.mp4,day,1280,720,29.97,300,10.01
30.mp4,day,1280,720,29.97,300,10.01
31.mp4,day,1280,720,29.97,300,10.01
32.mp4,day,1280,720,29.97,300,10.01
33.mp4,day,1280,720,30.0,300,10.0
34.mp4,day,1280,720,29.97,300,10.01
35.mp4,day,1280,720,29.97,300,10.01
38.mp4,day,1280,720,30.0,300,10.0
40.mp4,day,1280,720,29.97,300,10.01
42.mp4,day,1280,720,29.97,300,10.01
44.mp4,day,1280,720,29.97,300,10.01
45.mp4,day,1280,720,29.97,300,10.01
47.mp4,day,1280,720,30.0,300,10.0
48.mp4,day,1280,720,29.97,300,10.01
50.mp4,day,1280,720,29.97,510,17.02
51.mp4,day,1280,720,29.97,360,12.01
52.mp4,day,1280,720,29.97,300,10.01
53.mp4,day,1280,720,29.97,300,10.01
54.mp4,day,1280,720,29.97,300,10.01
56.mp4,day,1280,720,30.0,300,10.0
57.mp4,day,1280,720,29.97,300,10.01
58.mp4,day,1280,720,29.97,300,10.01
59.mp4,day,1280,720,30.0,300,10.0
60.mp4,day,1280,720,29.97,300,10.01
61.mp4,day,1280,720,29.97,300,10.01
62.mp4,day,1280,720,29.97,300,10.01
63.mp4,day,1280,720,59.94,600,10.01
64.mp4,day,1280,720,30.0,300,10.0
65.mp4,day,1280,720,29.97,300,10.01
69.mp4,day,1280,720,29.97,300,10.01
71.mp4,day,1280,720,29.97,300,10.01
72.mp4,day,1280,720,29.97,300,10.01
73.mp4,day,1280,720,29.97,300,10.01
74.mp4,day,1280,720,29.97,300,10.01
76.mp4,day,1280,720,30.0,300,10.0
78.mp4,day,1280,720,59.94,600,10.01
79.mp4,day,1280,720,29.97,300,10.01
82.mp4,day,1280,720,29.97,300,10.01
83.mp4,day,1280,720,29.97,300,10.01
85.mp4,day,1280,720,29.97,300,10.01
88.mp4,day,1280,720,29.97,300,10.01
89.mp4,day,1280,720,30.0,300,10.0
90.mp4,day,1280,720,29.97,300,10.01
93.mp4,day,1280,720,29.97,300,10.01
94.mp4,day,1280,720,29.97,300,10.01
99.mp4,day,1280,720,29.97,300,10.01
100.mp4,day,1280,720,59.94,600,10.01
102.mp4,day,1280,720,29.97,300,10.01
106.mp4,day,1280,720,29.97,300,10.01
107.mp4,day,1280,720,59.94,600,10.01
108.mp4,day,1280,720,29.97,300,10.01
109.mp4,day,1280,720,29.97,300,10.01
111.mp4,day,1280,720,30.0,300,10.0
112.mp4,day,1280,720,29.97,300,10.01
113.mp4,day,1280,720,29.97,450,15.02
114.mp4,day,1280,720,29.97,300,10.01
115.mp4,day,1280,720,29.97,300,10.01
116.mp4,day,1280,720,29.97,300,10.01
117.mp4,day,1280,720,29.97,300,10.01
118.mp4,day,1280,720,30.0,300,10.0
120.mp4,day,1280,720,30.0,300,10.0
121.mp4,day,1280,720,29.97,300,10.01
122.mp4,day,1280,720,29.97,300,10.01
124.mp4,day,1280,720,29.97,300,10.01
125.mp4,day,1280,720,30.0,300,10.0
126.mp4,day,1280,720,29.97,300,10.01
127.mp4,day,1280,720,29.97,300,10.01
128.mp4,day,1280,720,29.97,300,10.01
129.mp4,day,1280,720,29.97,300,10.01
131.mp4,day,1280,720,29.97,300,10.01
132.mp4,day,1280,720,29.97,300,10.01
134.mp4,day,1280,720,29.97,300,10.01
135.mp4,day,1280,720,29.97,300,10.01
136.mp4,day,1280,720,29.97,300,10.01
137.mp4,day,1280,720,29.97,300,10.01
138.mp4,day,1280,720,59.94,600,10.01
141.mp4,day,1280,720,30.0,300,10.0
145.mp4,day,1280,720,30.0,360,12.0
146.mp4,day,1280,720,120.0,1200,10.0
147.mp4,day,1280,720,29.97,300,10.01
148.mp4,day,1280,720,29.97,300,10.01
149.mp4,day,1280,720,29.97,420,14.01
150.mp4,day,1280,720,30.0,300,10.0
151.mp4,day,1280,720,59.94,600,10.01
152.mp4,day,1280,720,29.97,600,20.02
153.mp4,day,1280,720,29.97,300,10.01
155.mp4,day,1280,720,29.97,300,10.01
156.mp4,day,1280,720,29.97,300,10.01
159.mp4,day,1280,720,30.0,300,10.0
161.mp4,day,1280,720,29.97,300,10.01
162.mp4,day,1280,720,29.97,300,10.01
163.mp4,day,1280,720,29.97,300,10.01
164.mp4,day,1280,720,29.97,300,10.01
165.mp4,day,1280,720,30.0,300,10.0
166.mp4,day,1280,720,29.97,300,10.01
167.mp4,day,1280,720,30.0,300,10.0
168.mp4,day,1280,720,29.97,300,10.01
169.mp4,day,1280,720,59.94,600,10.01
171.mp4,day,1280,720,29.97,300,10.01
173.mp4,day,1280,720,30.0,300,10.0
174.mp4,day,1280,720,59.94,600,10.01
175.mp4,day,1280,720,59.94,600,10.01
176.mp4,day,1280,720,30.0,300,10.0
177.mp4,day,1280,720,29.97,300,10.01
178.mp4,day,1280,720,29.97,300,10.01
181.mp4,day,1280,720,29.97,300,10.01
183.mp4,day,1280,720,30.0,300,10.0
184.mp4,day,1280,720,29.97,420,14.01
188.mp4,day,1280,720,30.0,300,10.0
189.mp4,day,1280,720,30.0,360,12.0
190.mp4,day,1280,720,29.97,300,10.01
191.mp4,day,1280,720,30.0,449,14.97
192.mp4,day,1280,720,30.0,300,10.0
194.mp4,day,1280,720,30.0,300,10.0
195.mp4,day,1280,720,29.97,300,10.01
196.mp4,day,1280,720,29.97,300,10.01
198.mp4,day,1280,720,29.97,360,12.01
199.mp4,day,1280,720,30.0,300,10.0
200.mp4,day,1280,720,30.0,300,10.0
201.mp4,day,1280,720,59.94,600,10.01
202.mp4,day,1280,720,30.0,300,10.0
203.mp4,day,1280,720,59.94,600,10.01
205.mp4,day,1280,720,29.97,300,10.01
212.mp4,day,1280,720,29.97,300,10.01
215.mp4,day,1280,720,29.97,360,12.01
217.mp4,day,1280,720,29.97,300,10.01
218.mp4,day,1280,720,29.97,300,10.01
220.mp4,day,1280,720,29.97,300,10.01
221.mp4,day,1280,720,30.0,300,10.0
222.mp4,day,1280,720,29.97,300,10.01
223.mp4,day,1280,720,29.97,300,10.01
226.mp4,day,1280,720,60.0,600,10.0
227.mp4,day,1280,720,59.94,720,12.01
228.mp4,day,1280,720,29.97,300,10.01
229.mp4,day,1280,720,29.97,300,10.01
230.mp4,day,1280,720,59.94,600,10.01
231.mp4,day,1280,720,30.0,300,10.0
232.mp4,day,1280,720,29.97,300,10.01
233.mp4,day,1280,720,29.92,300,10.03
234.mp4,day,1280,720,29.97,300,10.01
235.mp4,day,1280,720,30.0,360,12.0
237.mp4,day,1280,720,59.94,600,10.01
238.mp4,day,1280,720,29.97,300,10.01
239.mp4,day,1280,720,29.97,600,20.02
243.mp4,day,1280,720,29.97,300,10.01
244.mp4,day,1280,720,59.94,720,12.01
245.mp4,day,1280,720,29.97,300,10.01
246.mp4,day,1280,720,29.97,300,10.01
247.mp4,day,1280,720,30.0,300,10.0
248.mp4,day,1280,720,59.94,600,10.01
249.mp4,day,1280,720,29.97,300,10.01
251.mp4,day,1280,720,29.97,300,10.01
252.mp4,day,1280,720,30.0,300,10.0
253.mp4,day,1280,720,30.0,300,10.0
254.mp4,day,1280,720,59.94,600,10.01
255.mp4,day,1280,720,59.94,600,10.01
256.mp4,day,1280,720,29.97,300,10.01
258.mp4,day,1280,720,29.97,300,10.01
259.mp4,day,1280,720,30.0,300,10.0
263.mp4,day,1280,720,29.97,300,10.01
264.mp4,day,1280,720,30.0,300,10.0
266.mp4,day,1280,720,29.97,300,10.01
268.mp4,day,1280,720,29.97,300,10.01
269.mp4,day,1280,720,29.97,300,10.01
271.mp4,day,1280,720,29.97,300,10.01
272.mp4,day,1280,720,59.94,600,10.01
273.mp4,day,1280,720,30.0,300,10.0
277.mp4,day,1280,720,29.97,300,10.01
278.mp4,day,1280,720,29.97,300,10.01
279.mp4,day,1280,720,29.97,300,10.01
280.mp4,day,1280,720,29.97,300,10.01
282.mp4,day,1280,720,29.97,300,10.01
283.mp4,day,1280,720,29.97,300,10.01
284.mp4,day,1280,720,29.97,300,10.01
285.mp4,day,1280,720,29.97,300,10.01
286.mp4,day,1280,720,29.97,780,26.03
287.mp4,day,1280,720,29.97,300,10.01
288.mp4,day,1280,720,29.97,300,10.01
290.mp4,day,1280,720,29.97,300,10.01
291.mp4,day,1280,720,29.97,300,10.01
293.mp4,day,1280,720,59.94,600,10.01
296.mp4,day,1280,720,30.0,300,10.0
297.mp4,day,1280,720,30.0,300,10.0
298.mp4,day,1280,720,59.94,600,10.01
300.mp4,day,1280,720,29.97,300,10.01
301.mp4,day,1280,720,29.97,300,10.01
302.mp4,day,1280,720,29.97,300,10.01
303.mp4,day,1280,720,29.97,300,10.01
304.mp4,day,1280,720,29.97,300,10.01
305.mp4,day,1280,720,60.0,600,10.0
306.mp4,day,1280,720,29.97,300,10.01
309.mp4,day,1280,720,29.97,300,10.01
310.mp4,day,1280,720,29.97,390,13.01
312.mp4,day,1280,720,29.97,300,10.01
313.mp4,day,1280,720,29.97,300,10.01
314.mp4,day,1280,720,30.0,300,10.0
315.mp4,day,1280,720,29.97,300,10.01
316.mp4,day,1280,720,29.97,300,10.01
318.mp4,day,1280,720,29.97,300,10.01
319.mp4,day,1280,720,29.97,300,10.01
321.mp4,day,1280,720,29.97,390,13.01
322.mp4,day,1280,720,59.94,600,10.01
323.mp4,day,1280,720,29.97,300,10.01
325.mp4,day,1280,720,29.97,300,10.01
327.mp4,day,1280,720,30.0,300,10.0
329.mp4,day,1280,720,29.97,300,10.01
331.mp4,day,1280,720,29.97,300,10.01
335.mp4,day,1280,720,29.97,300,10.01
337.mp4,day,1280,720,29.97,300,10.01
338.mp4,day,1280,720,30.0,300,10.0
339.mp4,day,1280,720,29.97,300,10.01
340.mp4,day,1280,720,30.0,300,10.0
343.mp4,day,1280,720,29.97,300,10.01
345.mp4,day,1280,720,29.97,300,10.01
346.mp4,day,1280,720,29.97,300,10.01
347.mp4,day,1280,720,29.97,390,13.01
348.mp4,day,1280,720,29.97,300,10.01
349.mp4,day,1280,720,29.97,300,10.01
350.mp4,day,1280,720,29.97,300,10.01
352.mp4,day,1280,720,59.94,960,16.02
353.mp4,day,1280,720,29.97,300,10.01
354.mp4,day,1280,720,29.97,300,10.01
355.mp4,day,1280,720,59.94,600,10.01
356.mp4,day,1280,720,30.0,300,10.0
357.mp4,day,1280,720,29.97,300,10.01
358.mp4,day,1280,720,30.0,300,10.0
359.mp4,day,1280,720,29.97,300,10.01
361.mp4,day,1280,720,29.97,300,10.01
362.mp4,day,1280,720,29.97,300,10.01
363.mp4,day,1280,720,29.97,300,10.01
364.mp4,day,1280,720,29.97,300,10.01
365.mp4,day,1280,720,60.0,900,15.0
366.mp4,day,1280,720,29.97,300,10.01
367.mp4,day,1280,720,30.0,300,10.0
368.mp4,day,1280,720,29.97,300,10.01
369.mp4,day,1280,720,59.94,600,10.01
370.mp4,day,1280,720,29.97,300,10.01
372.mp4,day,1280,720,30.0,300,10.0
373.mp4,day,1280,720,29.97,300,10.01
374.mp4,day,1280,720,29.97,300,10.01
375.mp4,day,1280,720,30.0,300,10.0
376.mp4,day,1280,720,29.97,300,10.01
377.mp4,day,1280,720,29.97,300,10.01
378.mp4,day,1280,720,29.97,300,10.01
379.mp4,day,1280,720,29.97,300,10.01
380.mp4,day,1280,720,29.97,300,10.01
383.mp4,day,1280,720,29.97,300,10.01
384.mp4,day,1280,720,59.94,600,10.01
386.mp4,day,1280,720,29.97,510,17.02
387.mp4,day,1280,720,29.97,300,10.01
388.mp4,day,1280,720,29.97,300,10.01
389.mp4,day,1280,720,29.97,300,10.01
391.mp4,day,1280,720,59.94,600,10.01
392.mp4,day,1280,720,29.97,480,16.02
394.mp4,day,1280,720,29.97,300,10.01
395.mp4,day,1280,720,29.97,450,15.02
398.mp4,day,1280,720,30.0,300,10.0
400.mp4,day,1280,720,29.97,300,10.01
403.mp4,day,1280,720,29.97,300,10.01
405.mp4,day,1280,720,59.94,600,10.01
406.mp4,day,1280,720,29.97,300,10.01
408.mp4,day,1280,720,29.97,300,10.01
410.mp4,day,1280,720,29.97,300,10.01
411.mp4,day,1280,720,30.0,300,10.0
413.mp4,day,1280,720,29.97,300,10.01
415.mp4,day,1280,720,59.94,600,10.01
419.mp4,day,1280,720,59.94,600,10.01
420.mp4,day,1280,720,29.97,540,18.02
422.mp4,day,1280,720,29.97,300,10.01
423.mp4,day,1280,720,29.97,300,10.01
424.mp4,day,1280,720,29.97,300,10.01
426.mp4,day,1280,720,29.97,300,10.01
427.mp4,day,1280,720,30.0,300,10.0
428.mp4,day,1280,720,59.94,660,11.01
429.mp4,day,1280,720,29.97,300,10.01
430.mp4,day,1280,720,29.97,300,10.01
431.mp4,day,1280,720,59.94,600,10.01
432.mp4,day,1280,720,30.0,300,10.0
433.mp4,day,1280,720,30.0,300,10.0
434.mp4,day,1280,720,29.97,300,10.01
439.mp4,day,1280,720,29.97,300,10.01
442.mp4,day,1280,720,29.97,300,10.01
443.mp4,day,1280,720,29.97,360,12.01
444.mp4,day,1280,720,29.97,420,14.01
446.mp4,day,1280,720,59.94,600,10.01
447.mp4,day,1280,720,29.97,300,10.01
448.mp4,day,1280,720,29.97,300,10.01
449.mp4,day,1280,720,29.97,300,10.01
450.mp4,day,1280,720,29.97,300,10.01
451.mp4,day,1280,720,29.97,300,10.01
453.mp4,day,1280,720,29.97,300,10.01
454.mp4,day,1280,720,59.94,780,13.01
455.mp4,day,1280,720,29.97,300,10.01
456.mp4,day,1280,720,29.97,300,10.01
457.mp4,day,1280,720,29.97,300,10.01
458.mp4,day,1280,720,30.0,300,10.0
459.mp4,day,1280,720,29.97,360,12.01
461.mp4,day,1280,720,59.94,600,10.01
462.mp4,day,1280,720,30.0,300,10.0
465.mp4,day,1280,720,30.0,300,10.0
467.mp4,day,1280,720,59.94,600,10.01
468.mp4,day,1280,720,29.97,300,10.01
469.mp4,day,1280,720,29.97,300,10.01
470.mp4,day,1280,720,29.97,300,10.01
471.mp4,day,1280,720,29.97,300,10.01
472.mp4,day,1280,720,60.0,600,10.0
473.mp4,day,1280,720,29.97,300,10.01
474.mp4,day,1280,720,29.97,300,10.01
475.mp4,day,1280,720,29.97,300,10.01
476.mp4,day,1280,720,29.97,360,12.01
478.mp4,day,1280,720,29.97,300,10.01
479.mp4,day,1280,720,29.97,300,10.01
480.mp4,day,1280,720,29.97,300,10.01
481.mp4,day,1280,720,29.97,300,10.01
482.mp4,day,1280,720,30.0,300,10.0
484.mp4,day,1280,720,29.97,390,13.01
485.mp4,day,1280,720,29.97,300,10.01
486.mp4,day,1280,720,29.97,300,10.01
489.mp4,day,1280,720,29.97,300,10.01
490.mp4,day,1280,720,29.97,300,10.01
491.mp4,day,1280,720,30.0,340,11.33
492.mp4,day,1280,720,29.97,300,10.01
493.mp4,day,1280,720,29.97,300,10.01
494.mp4,day,1280,720,29.97,300,10.01
495.mp4,day,1280,720,29.97,300,10.01
496.mp4,day,1280,720,29.97,360,12.01
497.mp4,day,1280,720,29.97,300,10.01
498.mp4,day,1280,720,29.97,300,10.01
499.mp4,day,1280,720,60.0,600,10.0
500.mp4,day,1280,720,29.97,300,10.01
501.mp4,day,1280,720,29.97,360,12.01
502.mp4,day,1280,720,59.94,600,10.01
503.mp4,day,1280,720,60.0,780,13.0
504.mp4,day,1280,720,29.97,300,10.01
505.mp4,day,1280,720,29.97,300,10.01
507.mp4,day,1280,720,30.0,300,10.0
508.mp4,day,1280,720,29.97,300,10.01
511.mp4,day,1280,720,30.0,300,10.0
515.mp4,day,1280,720,29.97,300,10.01
519.mp4,day,1280,720,29.97,480,16.02
520.mp4,day,1280,720,29.97,300,10.01
521.mp4,day,1280,720,29.97,300,10.01
522.mp4,day,1280,720,29.97,300,10.01
523.mp4,day,1280,720,30.0,300,10.0
524.mp4,day,1280,720,29.97,300,10.01
526.mp4,day,1280,720,29.97,300,10.01
527.mp4,day,1280,720,29.97,300,10.01
528.mp4,day,1280,720,29.97,300,10.01
529.mp4,day,1280,720,29.97,360,12.01
530.mp4,day,1280,720,29.97,300,10.01
531.mp4,day,1280,720,29.97,300,10.01
534.mp4,day,1280,720,29.97,300,10.01
538.mp4,day,1280,720,29.97,300,10.01
539.mp4,day,1280,720,29.97,300,10.01
540.mp4,day,1280,720,30.0,300,10.0
544.mp4,day,1280,720,29.97,300,10.01
545.mp4,day,1280,720,29.97,300,10.01
546.mp4,day,1280,720,29.97,300,10.01
547.mp4,day,1280,720,29.97,300,10.01
549.mp4,day,1280,720,29.97,300,10.01
550.mp4,day,1280,720,29.97,360,12.01
551.mp4,day,1280,720,30.0,300,10.0
555.mp4,day,1280,720,29.97,300,10.01
556.mp4,day,1280,720,30.0,300,10.0
558.mp4,day,1280,720,29.97,300,10.01
559.mp4,day,1280,720,29.97,300,10.01
561.mp4,day,1280,720,60.0,600,10.0
562.mp4,day,1280,720,29.97,300,10.01
564.mp4,day,1280,720,30.0,300,10.0
566.mp4,day,1280,720,29.97,300,10.01
567.mp4,day,1280,720,30.0,300,10.0
568.mp4,day,1280,720,29.97,540,18.02
569.mp4,day,1280,720,30.0,300,10.0
571.mp4,day,1280,720,29.97,300,10.01
572.mp4,day,1280,720,30.0,300,10.0
573.mp4,day,1280,720,59.94,600,10.01
574.mp4,day,1280,720,29.97,300,10.01
576.mp4,day,1280,720,29.97,300,10.01
579.mp4,day,1280,720,29.97,300,10.01
580.mp4,day,1280,720,29.97,300,10.01
581.mp4,day,1280,720,29.97,300,10.01
583.mp4,day,1280,720,59.94,600,10.01
584.mp4,day,1280,720,29.97,300,10.01
585.mp4,day,1280,720,29.97,300,10.01
586.mp4,day,1280,720,30.0,300,10.0
589.mp4,day,1280,720,30.0,300,10.0
590.mp4,day,1280,720,59.94,600,10.01
592.mp4,day,1280,720,29.97,300,10.01
593.mp4,day,1280,720,29.97,300,10.01
595.mp4,day,1280,720,60.0,600,10.0
596.mp4,day,1280,720,29.97,300,10.01
597.mp4,day,1280,720,29.97,300,10.01
598.mp4,day,1280,720,29.97,360,12.01
599.mp4,day,1280,720,29.97,300,10.01
600.mp4,day,1280,720,29.97,420,14.01
601.mp4,day,1280,720,29.97,300,10.01
602.mp4,day,1280,720,29.97,300,10.01
604.mp4,day,1280,720,29.97,300,10.01
605.mp4,day,1280,720,30.0,450,15.0
606.mp4,day,1280,720,29.97,510,17.02
608.mp4,day,1280,720,29.97,300,10.01
609.mp4,day,1280,720,29.97,300,10.01
611.mp4,day,1280,720,29.97,300,10.01
612.mp4,day,1280,720,30.0,300,10.0
613.mp4,day,1280,720,60.0,600,10.0
614.mp4,day,1280,720,29.97,300,10.01
617.mp4,day,1280,720,29.97,300,10.01
620.mp4,day,1280,720,29.97,300,10.01
622.mp4,day,1280,720,29.97,570,19.02
624.mp4,day,1280,720,30.0,300,10.0
625.mp4,day,1280,720,29.97,300,10.01
627.mp4,day,1280,720,59.94,600,10.01
630.mp4,day,1280,720,29.97,300,10.01
631.mp4,day,1280,720,30.0,300,10.0
632.mp4,day,1280,720,30.0,300,10.0
634.mp4,day,1280,720,29.97,300,10.01
635.mp4,day,1280,720,29.97,540,18.02
636.mp4,day,1280,720,29.97,300,10.01
637.mp4,day,1280,720,60.0,600,10.0
638.mp4,day,1280,720,30.0,300,10.0
639.mp4,day,1280,720,29.97,300,10.01
640.mp4,day,1280,720,30.0,300,10.0
641.mp4,day,1280,720,29.97,300,10.01
642.mp4,day,1280,720,29.97,300,10.01
644.mp4,day,1280,720,29.97,420,14.01
647.mp4,day,1280,720,29.97,300,10.01
648.mp4,day,1280,720,29.97,300,10.01
652.mp4,day,1280,720,29.97,300,10.01
655.mp4,day,1280,720,30.0,301,10.03
656.mp4,day,1280,720,60.0,600,10.0
657.mp4,day,1280,720,29.97,360,12.01
658.mp4,day,1280,720,29.97,300,10.01
659.mp4,day,1280,720,30.0,300,10.0
660.mp4,day,1280,720,30.0,300,10.0
661.mp4,day,1280,720,29.97,300,10.01
663.mp4,day,1280,720,29.97,390,13.01
665.mp4,day,1280,720,29.97,300,10.01
666.mp4,day,1280,720,29.97,300,10.01
667.mp4,day,1280,720,59.94,840,14.01
668.mp4,day,1280,720,29.97,300,10.01
669.mp4,day,1280,720,29.97,300,10.01
670.mp4,day,1280,720,30.0,300,10.0
671.mp4,day,1280,720,30.0,300,10.0
672.mp4,day,1280,720,59.94,600,10.01
673.mp4,day,1280,720,29.97,300,10.01
676.mp4,day,1280,720,29.97,300,10.01
678.mp4,day,1280,720,29.97,300,10.01
679.mp4,day,1280,720,29.97,300,10.01
681.mp4,day,1280,720,29.97,300,10.01
682.mp4,day,1280,720,30.0,300,10.0
683.mp4,day,1280,720,29.97,300,10.01
684.mp4,day,1280,720,29.97,390,13.01
685.mp4,day,1280,720,29.97,300,10.01
686.mp4,day,1280,720,30.0,300,10.0
687.mp4,day,1280,720,59.94,600,10.01
688.mp4,day,1280,720,30.0,301,10.03
689.mp4,day,1280,720,29.97,300,10.01
690.mp4,day,1280,720,29.97,390,13.01
694.mp4,day,1280,720,29.97,300,10.01
695.mp4,day,1280,720,29.97,300,10.01
696.mp4,day,1280,720,29.97,300,10.01
698.mp4,day,1280,720,29.97,300,10.01
699.mp4,day,1280,720,30.0,300,10.0
701.mp4,day,1280,720,29.97,300,10.01
702.mp4,day,1280,720,30.0,300,10.0
708.mp4,day,1280,720,30.0,300,10.0
709.mp4,day,1280,720,29.97,300,10.01
711.mp4,day,1280,720,30.0,420,14.0
712.mp4,day,1280,720,29.83,299,10.02
713.mp4,day,1280,720,29.97,300,10.01
714.mp4,day,1280,720,29.97,300,10.01
715.mp4,day,1280,720,29.97,300,10.01
716.mp4,day,1280,720,29.97,300,10.01
717.mp4,day,1280,720,29.97,300,10.01
720.mp4,day,1280,720,29.97,300,10.01
722.mp4,day,1280,720,30.0,300,10.0
723.mp4,day,1280,720,29.97,300,10.01
724.mp4,day,1280,720,29.97,300,10.01
725.mp4,day,1280,720,29.97,300,10.01
728.mp4,day,1280,720,29.97,300,10.01
729.mp4,day,1280,720,29.97,300,10.01
731.mp4,day,1280,720,30.0,300,10.0
732.mp4,day,1280,720,29.97,300,10.01
733.mp4,day,1280,720,29.97,300,10.01
734.mp4,day,1280,720,29.97,570,19.02
735.mp4,day,1280,720,29.97,300,10.01
736.mp4,day,1280,720,29.97,570,19.02
737.mp4,day,1280,720,29.97,300,10.01
739.mp4,day,1280,720,59.94,600,10.01
740.mp4,day,1280,720,29.97,300,10.01
741.mp4,day,1280,720,29.97,300,10.01
742.mp4,day,1280,720,29.97,300,10.01
745.mp4,day,1280,720,29.97,300,10.01
746.mp4,day,1280,720,29.97,300,10.01
747.mp4,day,1280,720,59.94,840,14.01
748.mp4,day,1280,720,29.97,300,10.01
749.mp4,day,1280,720,30.0,300,10.0
750.mp4,day,1280,720,60.0,600,10.0
751.mp4,day,1280,720,29.97,300,10.01
752.mp4,day,1280,720,30.0,780,26.0
754.mp4,day,1280,720,29.97,300,10.01
755.mp4,day,1280,720,29.97,300,10.01
756.mp4,day,1280,720,29.97,300,10.01
757.mp4,day,1280,720,29.97,300,10.01
758.mp4,day,1280,720,29.97,300,10.01
759.mp4,day,1280,720,29.97,300,10.01
760.mp4,day,1280,720,30.0,300,10.0
761.mp4,day,1280,720,29.97,300,10.01
763.mp4,day,1280,720,30.0,300,10.0
765.mp4,day,1280,720,30.0,300,10.0
766.mp4,day,1280,720,59.94,720,12.01
768.mp4,day,1280,720,29.97,300,10.01
769.mp4,day,1280,720,30.0,300,10.0
770.mp4,day,1280,720,29.97,390,13.01
772.mp4,day,1280,720,59.94,600,10.01
774.mp4,day,1280,720,29.97,300,10.01
776.mp4,day,1280,720,59.94,600,10.01
777.mp4,day,1280,720,29.97,300,10.01
778.mp4,day,1280,720,30.0,300,10.0
779.mp4,day,1280,720,59.94,600,10.01
780.mp4,day,1280,720,29.97,300,10.01
782.mp4,day,1280,720,30.0,810,27.0
784.mp4,day,1280,720,29.97,300,10.01
786.mp4,day,1280,720,30.0,450,15.0
788.mp4,day,1280,720,29.97,300,10.01
790.mp4,day,1280,720,29.97,300,10.01
791.mp4,day,1280,720,29.97,300,10.01
793.mp4,day,1280,720,29.97,300,10.01
794.mp4,day,1280,720,30.0,480,16.0
795.mp4,day,1280,720,29.97,390,13.01
796.mp4,day,1280,720,29.97,300,10.01
798.mp4,day,1280,720,29.97,300,10.01
803.mp4,day,1280,720,30.0,300,10.0
806.mp4,day,1280,720,29.97,600,20.02
809.mp4,day,1280,720,29.97,300,10.01
810.mp4,day,1280,720,30.0,301,10.03
811.mp4,day,1280,720,29.97,300,10.01
813.mp4,day,1280,720,29.97,300,10.01
814.mp4,day,1280,720,30.0,300,10.0
815.mp4,day,1280,720,30.0,300,10.0
816.mp4,day,1280,720,30.0,300,10.0
818.mp4,day,1280,720,30.0,300,10.0
820.mp4,day,1280,720,29.97,300,10.01
821.mp4,day,1280,720,29.97,300,10.01
824.mp4,day,1280,720,30.0,300,10.0
825.mp4,day,1280,720,29.97,300,10.01
826.mp4,day,1280,720,29.97,300,10.01
827.mp4,day,1280,720,29.97,300,10.01
828.mp4,day,1280,720,30.0,300,10.0
829.mp4,day,1280,720,59.94,600,10.01
831.mp4,day,1280,720,29.97,300,10.01
832.mp4,day,1280,720,59.94,600,10.01
833.mp4,day,1280,720,30.0,300,10.0
834.mp4,day,1280,720,29.97,300,10.01
835.mp4,day,1280,720,29.97,300,10.01
836.mp4,day,1280,720,29.97,300,10.01
837.mp4,day,1280,720,29.97,300,10.01
842.mp4,day,1280,720,30.0,300,10.0
844.mp4,day,1280,720,29.97,300,10.01
845.mp4,day,1280,720,30.0,300,10.0
848.mp4,day,1280,720,29.97,300,10.01
849.mp4,day,1280,720,29.97,300,10.01
850.mp4,day,1280,720,29.97,360,12.01
851.mp4,day,1280,720,30.0,300,10.0
853.mp4,day,1280,720,29.97,600,20.02
854.mp4,day,1280,720,29.97,300,10.01
856.mp4,day,1280,720,29.97,360,12.01
857.mp4,day,1280,720,30.0,300,10.0
858.mp4,day,1280,720,59.94,600,10.01
859.mp4,day,1280,720,29.97,300,10.01
861.mp4,day,1280,720,29.97,300,10.01
862.mp4,day,1280,720,29.97,300,10.01
863.mp4,day,1280,720,30.0,300,10.0
864.mp4,day,1280,720,29.97,300,10.01
865.mp4,day,1280,720,29.97,300,10.01
866.mp4,day,1280,720,29.97,300,10.01
867.mp4,day,1280,720,29.97,300,10.01
868.mp4,day,1280,720,29.97,540,18.02
870.mp4,day,1280,720,29.97,300,10.01
871.mp4,day,1280,720,30.0,300,10.0
872.mp4,day,1280,720,29.97,300,10.01
873.mp4,day,1280,720,29.97,300,10.01
874.mp4,day,1280,720,29.97,480,16.02
875.mp4,day,1280,720,29.97,300,10.01
876.mp4,day,1280,720,29.97,390,13.01
877.mp4,day,1280,720,29.97,300,10.01
878.mp4,day,1280,720,29.97,360,12.01
880.mp4,day,1280,720,29.97,300,10.01
882.mp4,day,1280,720,30.0,300,10.0
885.mp4,day,1280,720,59.94,600,10.01
886.mp4,day,1280,720,29.97,300,10.01
887.mp4,day,1280,720,29.97,300,10.01
888.mp4,day,1280,720,30.0,300,10.0
889.mp4,day,1280,720,29.97,300,10.01
891.mp4,day,1280,720,29.97,300,10.01
892.mp4,day,1280,720,29.97,390,13.01
893.mp4,day,1280,720,29.97,300,10.01
895.mp4,day,1280,720,29.97,300,10.01
896.mp4,day,1280,720,30.0,360,12.0
897.mp4,day,1280,720,29.97,300,10.01
899.mp4,day,1280,720,29.97,300,10.01
900.mp4,day,1280,720,29.97,300,10.01
901.mp4,day,1280,720,29.97,300,10.01
902.mp4,day,1280,720,29.97,300,10.01
903.mp4,day,1280,720,29.97,300,10.01
904.mp4,day,1280,720,29.97,300,10.01
905.mp4,day,1280,720,30.0,300,10.0
906.mp4,day,1280,720,29.97,300,10.01
907.mp4,day,1280,720,29.97,300,10.01
908.mp4,day,1280,720,29.97,300,10.01
909.mp4,day,1280,720,29.97,420,14.01
910.mp4,day,1280,720,29.97,300,10.01
913.mp4,day,1280,720,29.97,300,10.01
914.mp4,day,1280,720,30.0,300,10.0
915.mp4,day,1280,720,30.0,300,10.0
916.mp4,day,1280,720,29.97,300,10.01
917.mp4,day,1280,720,29.97,300,10.01
918.mp4,day,1280,720,59.94,600,10.01
920.mp4,day,1280,720,30.0,300,10.0
923.mp4,day,1280,720,29.97,300,10.01
924.mp4,day,1280,720,29.97,300,10.01
925.mp4,day,1280,720,29.97,300,10.01
926.mp4,day,1280,720,29.97,420,14.01
927.mp4,day,1280,720,29.97,300,10.01
928.mp4,day,1280,720,30.0,300,10.0
929.mp4,day,1280,720,29.97,300,10.01
930.mp4,day,1280,720,29.97,300,10.01
931.mp4,day,1280,720,29.97,300,10.01
932.mp4,day,1280,720,29.97,300,10.01
933.mp4,day,1280,720,30.0,300,10.0
934.mp4,day,1280,720,60.0,600,10.0
935.mp4,day,1280,720,29.97,300,10.01
936.mp4,day,1280,720,29.97,300,10.01
937.mp4,day,1280,720,29.97,300,10.01
938.mp4,day,1280,720,30.0,690,23.0
940.mp4,day,1280,720,29.97,300,10.01
941.mp4,day,1280,720,29.97,300,10.01
942.mp4,day,1280,720,29.97,300,10.01
946.mp4,day,1280,720,30.0,300,10.0
948.mp4,day,1280,720,30.0,300,10.0
949.mp4,day,1280,720,29.97,300,10.01
951.mp4,day,1280,720,29.97,300,10.01
952.mp4,day,1280,720,29.97,300,10.01
953.mp4,day,1280,720,29.97,390,13.01
954.mp4,day,1280,720,29.97,300,10.01
957.mp4,day,1280,720,29.97,300,10.01
958.mp4,day,1280,720,29.97,300,10.01
959.mp4,day,1280,720,29.97,300,10.01
962.mp4,day,1280,720,29.97,300,10.01
965.mp4,day,1280,720,29.97,300,10.01
966.mp4,day,1280,720,60.0,780,13.0
967.mp4,day,1280,720,29.97,300,10.01
968.mp4,day,1280,720,59.94,600,10.01
970.mp4,day,1280,720,29.97,300,10.01
972.mp4,day,1280,720,29.97,300,10.01
974.mp4,day,1280,720,29.97,600,20.02
975.mp4,day,1280,720,29.97,390,13.01
978.mp4,day,1280,720,29.97,300,10.01
979.mp4,day,1280,720,30.0,300,10.0
980.mp4,day,1280,720,30.0,300,10.0
982.mp4,day,1280,720,30.0,300,10.0
985.mp4,day,1280,720,30.0,300,10.0
987.mp4,day,1280,720,30.0,300,10.0
988.mp4,day,1280,720,29.97,300,10.01
989.mp4,day,1280,720,29.97,300,10.01
991.mp4,day,1280,720,29.97,300,10.01
994.mp4,day,1280,720,29.97,600,20.02
995.mp4,day,1280,720,59.94,600,10.01
997.mp4,day,1280,720,59.94,1079,18.0
998.mp4,day,1280,720,29.97,300,10.01
999.mp4,day,1280,720,29.97,300,10.01
1000.mp4,day,1280,720,29.97,300,10.01
1003.mp4,day,1280,720,29.97,420,14.01
1004.mp4,day,1280,720,29.97,300,10.01
1005.mp4,day,1280,720,29.97,300,10.01
1006.mp4,day,1280,720,29.97,300,10.01
1008.mp4,day,1280,720,29.97,300,10.01
1009.mp4,day,1280,720,30.0,300,10.0
1013.mp4,day,1280,720,29.97,300,10.01
1016.mp4,day,1280,720,29.97,300,10.01
1018.mp4,day,1280,720,29.97,300,10.01
1020.mp4,day,1280,720,29.97,300,10.01
1021.mp4,day,1280,720,29.97,360,12.01
1022.mp4,day,1280,720,29.97,300,10.01
1023.mp4,day,1280,720,59.94,600,10.01
1024.mp4,day,1280,720,30.0,300,10.0
1025.mp4,day,1280,720,29.97,360,12.01
1026.mp4,day,1280,720,59.94,600,10.01
1027.mp4,day,1280,720,29.97,300,10.01
1028.mp4,day,1280,720,29.97,300,10.01
1029.mp4,day,1280,720,59.94,600,10.01
1032.mp4,day,1280,720,29.97,300,10.01
1036.mp4,day,1280,720,29.97,390,13.01
1037.mp4,day,1280,720,29.97,300,10.01
1038.mp4,day,1280,720,29.97,300,10.01
1039.mp4,day,1280,720,29.97,300,10.01
1040.mp4,day,1280,720,29.97,300,10.01
1044.mp4,day,1280,720,29.97,300,10.01
1045.mp4,day,1280,720,30.0,300,10.0
1046.mp4,day,1280,720,30.0,300,10.0
1047.mp4,day,1280,720,29.97,300,10.01
1050.mp4,day,1280,720,29.97,300,10.01
1051.mp4,day,1280,720,29.97,300,10.01
1052.mp4,day,1280,720,29.97,300,10.01
1054.mp4,day,1280,720,30.0,390,13.0
1056.mp4,day,1280,720,30.0,300,10.0
1058.mp4,day,1280,720,29.97,300,10.01
1059.mp4,day,1280,720,59.94,600,10.01
1060.mp4,day,1280,720,29.97,300,10.01
1064.mp4,day,1280,720,29.97,300,10.01
1066.mp4,day,1280,720,30.0,300,10.0
1067.mp4,day,1280,720,29.97,300,10.01
1068.mp4,day,1280,720,29.97,300,10.01
1069.mp4,day,1280,720,29.97,300,10.01
1071.mp4,day,1280,720,59.94,600,10.01
1072.mp4,day,1280,720,29.97,630,21.02
1075.mp4,day,1280,720,29.97,300,10.01
1076.mp4,day,1280,720,30.0,300,10.0
1077.mp4,day,1280,720,30.0,300,10.0
1078.mp4,day,1280,720,29.97,390,13.01
1079.mp4,day,1280,720,59.94,600,10.01
1081.mp4,day,1280,720,29.97,300,10.01
1082.mp4,day,1280,720,29.97,300,10.01
1084.mp4,day,1280,720,59.94,600,10.01
1086.mp4,day,1280,720,29.97,300,10.01
1087.mp4,day,1280,720,29.97,510,17.02
1090.mp4,day,1280,720,29.97,300,10.01
1091.mp4,day,1280,720,30.0,360,12.0
1092.mp4,day,1280,720,29.97,300,10.01
1093.mp4,day,1280,720,29.97,300,10.01
1094.mp4,day,1280,720,29.97,300,10.01
1095.mp4,day,1280,720,29.97,300,10.01
1096.mp4,day,1280,720,29.97,300,10.01
1099.mp4,day,1280,720,29.97,300,10.01
1100.mp4,day,1280,720,29.97,300,10.01
1102.mp4,day,1280,720,29.97,300,10.01
1104.mp4,day,1280,720,29.97,300,10.01
1105.mp4,day,1280,720,29.97,300,10.01
1106.mp4,day,1280,720,59.94,600,10.01
1108.mp4,day,1280,720,29.97,300,10.01
1111.mp4,day,1280,720,29.92,389,13.0
1112.mp4,day,1280,720,30.0,300,10.0
1114.mp4,day,1280,720,29.97,300,10.01
1115.mp4,day,1280,720,29.97,300,10.01
1116.mp4,day,1280,720,60.0,600,10.0
1117.mp4,day,1280,720,29.97,600,20.02
1119.mp4,day,1280,720,29.97,300,10.01
1120.mp4,day,1280,720,59.94,600,10.01
1121.mp4,day,1280,720,30.0,300,10.0
1122.mp4,day,1280,720,29.97,300,10.01
1123.mp4,day,1280,720,29.97,300,10.01
1124.mp4,day,1280,720,29.97,300,10.01
1125.mp4,day,1280,720,30.0,390,13.0
1126.mp4,day,1280,720,29.97,300,10.01
1127.mp4,day,1280,720,59.94,1379,23.01
1128.mp4,day,1280,720,30.0,300,10.0
1129.mp4,day,1280,720,29.97,300,10.01
1130.mp4,day,1280,720,29.97,300,10.01
1131.mp4,day,1280,720,30.0,300,10.0
1132.mp4,day,1280,720,29.97,300,10.01
1133.mp4,day,1280,720,29.97,300,10.01
1134.mp4,day,1280,720,29.97,300,10.01
1135.mp4,day,1280,720,29.97,300,10.01
1136.mp4,day,1280,720,30.0,300,10.0
1137.mp4,day,1280,720,29.97,300,10.01
1138.mp4,day,1280,720,29.97,300,10.01
1141.mp4,day,1280,720,29.97,300,10.01
1142.mp4,day,1280,720,30.0,300,10.0
1145.mp4,day,1280,720,29.97,300,10.01
1146.mp4,day,1280,720,29.97,300,10.01
1149.mp4,day,1280,720,29.97,300,10.01
1150.mp4,day,1280,720,29.97,300,10.01
1151.mp4,day,1280,720,30.0,300,10.0
1152.mp4,day,1280,720,29.97,300,10.01
1153.mp4,day,1280,720,29.97,300,10.01
1154.mp4,day,1280,720,29.97,300,10.01
1155.mp4,day,1280,720,29.97,300,10.01
1156.mp4,day,1280,720,30.0,300,10.0
1157.mp4,day,1280,720,29.97,570,19.02
1158.mp4,day,1280,720,29.97,300,10.01
1159.mp4,day,1280,720,29.97,300,10.01
1160.mp4,day,1280,720,29.97,300,10.01
1161.mp4,day,1280,720,29.97,300,10.01
1162.mp4,day,1280,720,29.97,360,12.01
1163.mp4,day,1280,720,29.97,420,14.01
1165.mp4,day,1280,720,29.97,300,10.01
1167.mp4,day,1280,720,29.97,300,10.01
1168.mp4,day,1280,720,29.97,300,10.01
1169.mp4,day,1280,720,29.97,300,10.01
1171.mp4,day,1280,720,29.97,300,10.01
1173.mp4,day,1280,720,29.97,300,10.01
1175.mp4,day,1280,720,29.97,300,10.01
1176.mp4,day,1280,720,29.97,300,10.01
1178.mp4,day,1280,720,29.97,300,10.01
1180.mp4,day,1280,720,29.97,300,10.01
1181.mp4,day,1280,720,29.97,480,16.02
1182.mp4,day,1280,720,29.97,300,10.01
1184.mp4,day,1280,720,29.97,300,10.01
1185.mp4,day,1280,720,29.97,300,10.01
1186.mp4,day,1280,720,29.97,300,10.01
1188.mp4,day,1280,720,29.97,300,10.01
1189.mp4,day,1280,720,29.97,300,10.01
1193.mp4,day,1280,720,29.97,420,14.01
1197.mp4,day,1280,720,29.97,300,10.01
1199.mp4,day,1280,720,29.97,300,10.01
1200.mp4,day,1280,720,59.94,600,10.01
1202.mp4,day,1280,720,29.97,300,10.01
1203.mp4,day,1280,720,29.97,300,10.01
1208.mp4,day,1280,720,29.97,300,10.01
1209.mp4,day,1280,720,59.94,600,10.01
1212.mp4,day,1280,720,29.97,300,10.01
1213.mp4,day,1280,720,29.97,300,10.01
1214.mp4,day,1280,720,29.97,300,10.01
1215.mp4,day,1280,720,29.97,300,10.01
1216.mp4,day,1280,720,29.97,420,14.01
1217.mp4,day,1280,720,30.0,300,10.0
1218.mp4,day,1280,720,29.97,360,12.01
1219.mp4,day,1280,720,29.97,420,14.01
1220.mp4,day,1280,720,29.97,300,10.01
1221.mp4,day,1280,720,29.97,300,10.01
1224.mp4,day,1280,720,29.97,300,10.01
1225.mp4,day,1280,720,30.0,300,10.0
1226.mp4,day,1280,720,30.0,300,10.0
1227.mp4,day,1280,720,29.97,300,10.01
1228.mp4,day,1280,720,29.97,300,10.01
1229.mp4,day,1280,720,29.97,300,10.01
1230.mp4,day,1280,720,30.0,300,10.0
1232.mp4,day,1280,720,29.97,300,10.01
1233.mp4,day,1280,720,59.94,600,10.01
1234.mp4,day,1280,720,29.97,300,10.01
1235.mp4,day,1280,720,59.94,600,10.01
1236.mp4,day,1280,720,29.97,300,10.01
1237.mp4,day,1280,720,29.97,300,10.01
1238.mp4,day,1280,720,29.97,300,10.01
1243.mp4,day,1280,720,29.97,300,10.01
1244.mp4,day,1280,720,29.97,570,19.02
1245.mp4,day,1280,720,29.97,300,10.01
1246.mp4,day,1280,720,29.97,300,10.01
1247.mp4,day,1280,720,30.0,300,10.0
1249.mp4,day,1280,720,29.97,300,10.01
1250.mp4,day,1280,720,30.0,300,10.0
1251.mp4,day,1280,720,29.97,300,10.01
1252.mp4,day,1280,720,59.94,600,10.01
1253.mp4,day,1280,720,30.0,540,18.0
1255.mp4,day,1280,720,59.94,600,10.01
1256.mp4,day,1280,720,29.97,300,10.01
1257.mp4,day,1280,720,29.97,300,10.01
1258.mp4,day,1280,720,30.0,300,10.0
1259.mp4,day,1280,720,29.97,300,10.01
1260.mp4,day,1280,720,29.97,300,10.01
1261.mp4,day,1280,720,60.0,600,10.0
1263.mp4,day,1280,720,29.97,300,10.01
1264.mp4,day,1280,720,29.97,300,10.01
1265.mp4,day,1280,720,59.94,600,10.01
1266.mp4,day,1280,720,29.97,360,12.01
1268.mp4,day,1280,720,59.94,600,10.01
1269.mp4,day,1280,720,59.94,600,10.01
1270.mp4,day,1280,720,30.0,300,10.0
1271.mp4,day,1280,720,29.97,300,10.01
1272.mp4,day,1280,720,29.97,300,10.01
1273.mp4,day,1280,720,59.94,600,10.01
1274.mp4,day,1280,720,29.97,300,10.01
1276.mp4,day,1280,720,29.97,300,10.01
1277.mp4,day,1280,720,29.97,300,10.01
1279.mp4,day,1280,720,29.97,300,10.01
1281.mp4,day,1280,720,29.97,300,10.01
1284.mp4,day,1280,720,29.97,300,10.01
1285.mp4,day,1280,720,29.97,300,10.01
1287.mp4,day,1280,720,29.97,300,10.01
1289.mp4,day,1280,720,29.97,300,10.01
1291.mp4,day,1280,720,29.97,300,10.01
1293.mp4,day,1280,720,29.97,300,10.01
1295.mp4,day,1280,720,29.97,300,10.01
1297.mp4,day,1280,720,29.97,300,10.01
1298.mp4,day,1280,720,60.0,600,10.0
1299.mp4,day,1280,720,29.97,300,10.01
1300.mp4,day,1280,720,29.97,300,10.01
1301.mp4,day,1280,720,30.0,300,10.0
1302.mp4,day,1280,720,29.97,540,18.02
1303.mp4,day,1280,720,29.97,300,10.01
1304.mp4,day,1280,720,29.97,300,10.01
1305.mp4,day,1280,720,29.97,300,10.01
1306.mp4,day,1280,720,29.97,300,10.01
1307.mp4,day,1280,720,29.97,300,10.01
1308.mp4,day,1280,720,29.97,300,10.01
1309.mp4,day,1280,720,29.97,300,10.01
1310.mp4,day,1280,720,59.94,600,10.01
1311.mp4,day,1280,720,30.0,300,10.0
1312.mp4,day,1280,720,29.97,300,10.01
1313.mp4,day,1280,720,29.97,300,10.01
1314.mp4,day,1280,720,29.97,300,10.01
1316.mp4,day,1280,720,29.97,300,10.01
1319.mp4,day,1280,720,59.94,600,10.01
1320.mp4,day,1280,720,29.97,300,10.01
1323.mp4,day,1280,720,29.97,300,10.01
1324.mp4,day,1280,720,29.97,300,10.01
1326.mp4,day,1280,720,59.94,600,10.01
1327.mp4,day,1280,720,59.94,600,10.01
1329.mp4,day,1280,720,30.0,300,10.0
1330.mp4,day,1280,720,29.97,300,10.01
1332.mp4,day,1280,720,29.97,300,10.01
1333.mp4,day,1280,720,29.97,300,10.01
1335.mp4,day,1280,720,29.97,300,10.01
1336.mp4,day,1280,720,30.0,300,10.0
1337.mp4,day,1280,720,30.0,300,10.0
1339.mp4,day,1280,720,29.97,300,10.01
1341.mp4,day,1280,720,30.0,300,10.0
1342.mp4,day,1280,720,29.97,300,10.01
1343.mp4,day,1280,720,29.97,450,15.02
1344.mp4,day,1280,720,29.97,300,10.01
1346.mp4,day,1280,720,30.0,300,10.0
1347.mp4,day,1280,720,29.97,420,14.01
1351.mp4,day,1280,720,30.0,300,10.0
1352.mp4,day,1280,720,29.97,300,10.01
1353.mp4,day,1280,720,29.97,300,10.01
1354.mp4,day,1280,720,29.97,300,10.01
1356.mp4,day,1280,720,29.97,300,10.01
1357.mp4,day,1280,720,29.97,510,17.02
1358.mp4,day,1280,720,29.97,300,10.01
1359.mp4,day,1280,720,29.97,300,10.01
1360.mp4,day,1280,720,59.94,600,10.01
1361.mp4,day,1280,720,29.97,300,10.01
1362.mp4,day,1280,720,29.97,300,10.01
1366.mp4,day,1280,720,59.94,600,10.01
1367.mp4,day,1280,720,29.97,300,10.01
1370.mp4,day,1280,720,59.94,600,10.01
1371.mp4,day,1280,720,29.97,300,10.01
1374.mp4,day,1280,720,29.97,420,14.01
1375.mp4,day,1280,720,29.97,300,10.01
1378.mp4,day,1280,720,29.97,300,10.01
1379.mp4,day,1280,720,29.97,390,13.01
1380.mp4,day,1280,720,59.94,600,10.01
1381.mp4,day,1280,720,59.94,780,13.01
1383.mp4,day,1280,720,59.94,600,10.01
1385.mp4,day,1280,720,29.97,300,10.01
1386.mp4,day,1280,720,29.97,300,10.01
1387.mp4,day,1280,720,29.97,300,10.01
1388.mp4,day,1280,720,29.97,300,10.01
1390.mp4,day,1280,720,59.94,600,10.01
1391.mp4,day,1280,720,29.97,300,10.01
1392.mp4,day,1280,720,59.94,600,10.01
1393.mp4,day,1280,720,30.0,300,10.0
1395.mp4,day,1280,720,29.97,300,10.01
1396.mp4,day,1280,720,30.0,300,10.0
1397.mp4,day,1280,720,29.97,300,10.01
1398.mp4,day,1280,720,29.97,300,10.01
1399.mp4,day,1280,720,29.97,300,10.01
1401.mp4,day,1280,720,60.0,600,10.0
1402.mp4,day,1280,720,29.97,420,14.01
1403.mp4,day,1280,720,29.97,300,10.01
1404.mp4,day,1280,720,29.97,300,10.01
1405.mp4,day,1280,720,29.97,300,10.01
1406.mp4,day,1280,720,29.97,300,10.01
1407.mp4,day,1280,720,29.97,300,10.01
1408.mp4,day,1280,720,29.97,300,10.01
1409.mp4,day,1280,720,59.94,600,10.01
1410.mp4,day,1280,720,29.97,300,10.01
1411.mp4,day,1280,720,29.97,300,10.01
1414.mp4,day,1280,720,29.97,300,10.01
1415.mp4,day,1280,720,29.97,300,10.01
1416.mp4,day,1280,720,29.97,300,10.01
1417.mp4,day,1280,720,60.0,600,10.0
1418.mp4,day,1280,720,30.0,660,22.0
1420.mp4,day,1280,720,29.97,300,10.01
1422.mp4,day,1280,720,29.97,300,10.01
1424.mp4,day,1280,720,29.97,300,10.01
1425.mp4,day,1280,720,29.97,300,10.01
1426.mp4,day,1280,720,29.97,300,10.01
1428.mp4,day,1280,720,29.97,300,10.01
1429.mp4,day,1280,720,29.97,300,10.01
1430.mp4,day,1280,720,29.97,300,10.01
1432.mp4,day,1280,720,59.94,600,10.01
1433.mp4,day,1280,720,29.97,360,12.01
1434.mp4,day,1280,720,29.97,300,10.01
1435.mp4,day,1280,720,29.97,300,10.01
1436.mp4,day,1280,720,29.97,300,10.01
1440.mp4,day,1280,720,29.97,300,10.01
1441.mp4,day,1280,720,30.0,300,10.0
1442.mp4,day,1280,720,29.97,300,10.01
1443.mp4,day,1280,720,29.97,300,10.01
1444.mp4,day,1280,720,30.0,300,10.0
1447.mp4,day,1280,720,29.97,300,10.01
1448.mp4,day,1280,720,29.97,300,10.01
1449.mp4,day,1280,720,30.0,300,10.0
1452.mp4,day,1280,720,59.94,720,12.01
1454.mp4,day,1280,720,30.0,300,10.0
1455.mp4,day,1280,720,29.97,300,10.01
1457.mp4,day,1280,720,59.94,600,10.01
1458.mp4,day,1280,720,30.0,300,10.0
1459.mp4,day,1280,720,29.97,300,10.01
1460.mp4,day,1280,720,29.97,300,10.01
1461.mp4,day,1280,720,29.97,300,10.01
1462.mp4,day,1280,720,30.0,300,10.0
1464.mp4,day,1280,720,29.97,300,10.01
1466.mp4,day,1280,720,30.0,300,10.0
1467.mp4,day,1280,720,59.94,600,10.01
1468.mp4,day,1280,720,29.97,300,10.01
1469.mp4,day,1280,720,29.97,300,10.01
1470.mp4,day,1280,720,29.97,300,10.01
1471.mp4,day,1280,720,29.97,300,10.01
1472.mp4,day,1280,720,29.97,300,10.01
1473.mp4,day,1280,720,59.94,600,10.01
1475.mp4,day,1280,720,30.0,300,10.0
1477.mp4,day,1280,720,29.97,300,10.01
1480.mp4,day,1280,720,29.97,300,10.01
1482.mp4,day,1280,720,29.97,300,10.01
1483.mp4,day,1280,720,30.0,300,10.0
1484.mp4,day,1280,720,29.97,300,10.01
1487.mp4,day,1280,720,29.97,300,10.01
1489.mp4,day,1280,720,29.97,300,10.01
1490.mp4,day,1280,720,30.0,300,10.0
1492.mp4,day,1280,720,59.94,600,10.01
1494.mp4,day,1280,720,30.0,300,10.0
1497.mp4,day,1280,720,29.97,480,16.02
1499.mp4,day,1280,720,30.0,300,10.0
1500.mp4,day,1280,720,29.97,510,17.02
1502.mp4,day,1280,720,29.97,300,10.01
1504.mp4,day,1280,720,29.97,300,10.01
1505.mp4,day,1280,720,29.97,300,10.01
1506.mp4,day,1280,720,29.97,300,10.01
1507.mp4,day,1280,720,30.0,300,10.0
1510.mp4,day,1280,720,29.97,600,20.02
1511.mp4,day,1280,720,29.97,300,10.01
1512.mp4,day,1280,720,59.94,600,10.01
1513.mp4,day,1280,720,29.97,300,10.01
1515.mp4,day,1280,720,29.97,300,10.01
1516.mp4,day,1280,720,30.0,300,10.0
1518.mp4,day,1280,720,29.97,300,10.01
1519.mp4,day,1280,720,29.97,300,10.01
1520.mp4,day,1280,720,30.0,300,10.0
1521.mp4,day,1280,720,29.97,300,10.01
1522.mp4,day,1280,720,29.97,300,10.01
1523.mp4,day,1280,720,29.97,300,10.01
1525.mp4,day,1280,720,29.97,480,16.02
1527.mp4,day,1280,720,29.97,300,10.01
1528.mp4,day,1280,720,29.97,300,10.01
1529.mp4,day,1280,720,29.97,300,10.01
1530.mp4,day,1280,720,29.97,300,10.01
1532.mp4,day,1280,720,29.97,390,13.01
1533.mp4,day,1280,720,29.97,300,10.01
1535.mp4,day,1280,720,29.97,300,10.01
1536.mp4,day,1280,720,29.97,300,10.01
1537.mp4,day,1280,720,29.97,300,10.01
1538.mp4,day,1280,720,29.97,360,12.01
1539.mp4,day,1280,720,29.97,390,13.01
1540.mp4,day,1280,720,29.97,300,10.01
1541.mp4,day,1280,720,29.97,479,15.98
1542.mp4,day,1280,720,30.0,300,10.0
1543.mp4,day,1280,720,29.97,300,10.01
1544.mp4,day,1280,720,30.0,600,20.0
1545.mp4,day,1280,720,29.97,300,10.01
1547.mp4,day,1280,720,30.0,300,10.0
1549.mp4,day,1280,720,29.97,300,10.01
1550.mp4,day,1280,720,30.0,300,10.0
1551.mp4,day,1280,720,30.0,300,10.0
1552.mp4,day,1280,720,29.97,300,10.01
1553.mp4,day,1280,720,29.97,300,10.01
1554.mp4,day,1280,720,29.97,300,10.01
1555.mp4,day,1280,720,30.0,300,10.0
1556.mp4,day,1280,720,29.97,300,10.01
1559.mp4,day,1280,720,29.97,300,10.01
1561.mp4,day,1280,720,30.0,300,10.0
1562.mp4,day,1280,720,29.97,300,10.01
1565.mp4,day,1280,720,29.97,300,10.01
1566.mp4,day,1280,720,29.97,300,10.01
1567.mp4,day,1280,720,29.97,300,10.01
1569.mp4,day,1280,720,30.0,300,10.0
1571.mp4,day,1280,720,29.97,300,10.01
1572.mp4,day,1280,720,29.97,300,10.01
1575.mp4,day,1280,720,29.97,300,10.01
1576.mp4,day,1280,720,29.97,300,10.01
1578.mp4,day,1280,720,29.97,510,17.02
1579.mp4,day,1280,720,29.97,300,10.01
1582.mp4,day,1280,720,59.94,600,10.01
1584.mp4,day,1280,720,29.97,300,10.01
1585.mp4,day,1280,720,29.97,300,10.01
1586.mp4,day,1280,720,29.97,420,14.01
1587.mp4,day,1280,720,29.97,300,10.01
1588.mp4,day,1280,720,29.97,300,10.01
1589.mp4,day,1280,720,29.97,300,10.01
1590.mp4,day,1280,720,30.0,300,10.0
1592.mp4,day,1280,720,29.97,300,10.01
1593.mp4,day,1280,720,29.97,360,12.01
1594.mp4,day,1280,720,29.97,300,10.01
1596.mp4,day,1280,720,29.97,300,10.01
1598.mp4,day,1280,720,30.0,301,10.03
1600.mp4,day,1280,720,30.0,480,16.0
1601.mp4,day,1280,720,30.0,300,10.0
1602.mp4,day,1280,720,29.97,300,10.01
1603.mp4,day,1280,720,29.97,300,10.01
1604.mp4,day,1280,720,29.97,300,10.01
1605.mp4,day,1280,720,30.0,300,10.0
1606.mp4,day,1280,720,29.97,300,10.01
1607.mp4,day,1280,720,29.97,300,10.01
1609.mp4,day,1280,720,29.97,300,10.01
1610.mp4,day,1280,720,30.0,300,10.0
1611.mp4,day,1280,720,29.97,300,10.01
1612.mp4,day,1280,720,29.97,300,10.01
1614.mp4,day,1280,720,29.97,300,10.01
1615.mp4,day,1280,720,59.94,600,10.01
1617.mp4,day,1280,720,29.97,300,10.01
1618.mp4,day,1280,720,29.97,300,10.01
1620.mp4,day,1280,720,29.97,300,10.01
1622.mp4,day,1280,720,29.97,300,10.01
1623.mp4,day,1280,720,59.94,600,10.01
1624.mp4,day,1280,720,29.97,300,10.01
1625.mp4,day,1280,720,60.0,600,10.0
1627.mp4,day,1280,720,29.97,300,10.01
1629.mp4,day,1280,720,29.97,300,10.01
1630.mp4,day,1280,720,59.94,600,10.01
1632.mp4,day,1280,720,30.0,300,10.0
1634.mp4,day,1280,720,29.97,480,16.02
1635.mp4,day,1280,720,29.97,300,10.01
1638.mp4,day,1280,720,30.0,300,10.0
1639.mp4,day,1280,720,29.97,300,10.01
1640.mp4,day,1280,720,29.97,300,10.01
1641.mp4,day,1280,720,59.94,600,10.01
1642.mp4,day,1280,720,29.97,300,10.01
1643.mp4,day,1280,720,29.97,300,10.01
1647.mp4,day,1280,720,29.97,300,10.01
1648.mp4,day,1280,720,29.97,300,10.01
1649.mp4,day,1280,720,30.0,300,10.0
1650.mp4,day,1280,720,29.97,300,10.01
1652.mp4,day,1280,720,29.97,300,10.01
1653.mp4,day,1280,720,29.97,300,10.01
1654.mp4,day,1280,720,29.97,300,10.01
1656.mp4,day,1280,720,29.97,300,10.01
1657.mp4,day,1280,720,29.97,300,10.01
1658.mp4,day,1280,720,29.97,300,10.01
1659.mp4,day,1280,720,29.97,300,10.01
1660.mp4,day,1280,720,30.0,300,10.0
1663.mp4,day,1280,720,59.94,600,10.01
1664.mp4,day,1280,720,29.97,300,10.01
1665.mp4,day,1280,720,29.97,300,10.01
1666.mp4,day,1280,720,29.97,390,13.01
1667.mp4,day,1280,720,29.97,300,10.01
1668.mp4,day,1280,720,59.83,599,10.01
1669.mp4,day,1280,720,29.97,300,10.01
1672.mp4,day,1280,720,29.97,300,10.01
1674.mp4,day,1280,720,30.0,360,12.0
1675.mp4,day,1280,720,29.97,300,10.01
1677.mp4,day,1280,720,30.0,300,10.0
1678.mp4,day,1280,720,29.97,300,10.01
1679.mp4,day,1280,720,30.0,300,10.0
1680.mp4,day,1280,720,30.0,300,10.0
1684.mp4,day,1280,720,29.97,300,10.01
1685.mp4,day,1280,720,29.97,300,10.01
1687.mp4,day,1280,720,30.0,300,10.0
1688.mp4,day,1280,720,59.94,600,10.01
1690.mp4,day,1280,720,30.0,300,10.0
1691.mp4,day,1280,720,29.97,300,10.01
1693.mp4,day,1280,720,29.97,300,10.01
1696.mp4,day,1280,720,29.97,300,10.01
1698.mp4,day,1280,720,30.0,960,32.0
1700.mp4,day,1280,720,30.0,300,10.0
1701.mp4,day,1280,720,29.97,390,13.01
1704.mp4,day,1280,720,29.97,300,10.01
1705.mp4,day,1280,720,30.0,300,10.0
1707.mp4,day,1280,720,29.97,300,10.01
1708.mp4,day,1280,720,29.97,300,10.01
1709.mp4,day,1280,720,29.97,300,10.01
1711.mp4,day,1280,720,29.97,300,10.01
1712.mp4,day,1280,720,29.97,420,14.01
1713.mp4,day,1280,720,29.97,300,10.01
1714.mp4,day,1280,720,29.97,300,10.01
1715.mp4,day,1280,720,29.97,300,10.01
1718.mp4,day,1280,720,29.97,300,10.01
1720.mp4,day,1280,720,29.97,300,10.01
1721.mp4,day,1280,720,29.97,480,16.02
1722.mp4,day,1280,720,29.97,300,10.01
1725.mp4,day,1280,720,30.0,300,10.0
1726.mp4,day,1280,720,29.97,300,10.01
1728.mp4,day,1280,720,29.97,450,15.02
1729.mp4,day,1280,720,30.0,510,17.0
1730.mp4,day,1280,720,59.94,600,10.01
1732.mp4,day,1280,720,29.97,300,10.01
1733.mp4,day,1280,720,29.97,300,10.01
1734.mp4,day,1280,720,29.97,300,10.01
1735.mp4,day,1280,720,29.97,300,10.01
1736.mp4,day,1280,720,29.97,300,10.01
1737.mp4,day,1280,720,29.97,300,10.01
1738.mp4,day,1280,720,29.97,300,10.01
1739.mp4,day,1280,720,29.97,300,10.01
1741.mp4,day,1280,720,29.97,300,10.01
1744.mp4,day,1280,720,29.97,420,14.01
1746.mp4,day,1280,720,29.97,300,10.01
1747.mp4,day,1280,720,29.97,450,15.02
1748.mp4,day,1280,720,30.0,300,10.0
1752.mp4,day,1280,720,30.0,300,10.0
1753.mp4,day,1280,720,29.97,300,10.01
1754.mp4,day,1280,720,59.94,600,10.01
1755.mp4,day,1280,720,29.97,300,10.01
1756.mp4,day,1280,720,29.97,660,22.02
1761.mp4,day,1280,720,29.97,360,12.01
1764.mp4,day,1280,720,29.97,300,10.01
1765.mp4,day,1280,720,29.97,300,10.01
1767.mp4,day,1280,720,29.97,300,10.01
1768.mp4,day,1280,720,29.97,300,10.01
1769.mp4,day,1280,720,29.97,300,10.01
1770.mp4,day,1280,720,30.0,300,10.0
1771.mp4,day,1280,720,29.97,300,10.01
1772.mp4,day,1280,720,30.0,300,10.0
1773.mp4,day,1280,720,60.0,600,10.0
1776.mp4,day,1280,720,30.0,300,10.0
1777.mp4,day,1280,720,29.97,300,10.01
1778.mp4,day,1280,720,29.97,300,10.01
1779.mp4,day,1280,720,29.97,390,13.01
1780.mp4,day,1280,720,30.0,300,10.0
1782.mp4,day,1280,720,29.97,300,10.01
1783.mp4,day,1280,720,59.94,600,10.01
1784.mp4,day,1280,720,29.97,300,10.01
1786.mp4,day,1280,720,29.97,300,10.01
1788.mp4,day,1280,720,29.97,300,10.01
1791.mp4,day,1280,720,29.97,300,10.01
1792.mp4,day,1280,720,29.97,300,10.01
1793.mp4,day,1280,720,30.0,570,19.0
1796.mp4,day,1280,720,59.94,600,10.01
1797.mp4,day,1280,720,30.0,300,10.0
1800.mp4,day,1280,720,29.97,300,10.01
1801.mp4,day,1280,720,29.97,300,10.01
1802.mp4,day,1280,720,29.97,300,10.01
1803.mp4,day,1280,720,30.0,300,10.0
1804.mp4,day,1280,720,30.0,300,10.0
1805.mp4,day,1280,720,29.97,300,10.01
1806.mp4,day,1280,720,59.94,600,10.01
1807.mp4,day,1280,720,29.97,300,10.01
1808.mp4,day,1280,720,29.97,300,10.01
1810.mp4,day,1280,720,29.97,300,10.01
1811.mp4,day,1280,720,59.94,600,10.01
1812.mp4,day,1280,720,29.97,300,10.01
1815.mp4,day,1280,720,29.97,300,10.01
1816.mp4,day,1280,720,30.0,300,10.0
1817.mp4,day,1280,720,30.0,300,10.0
1818.mp4,day,1280,720,29.97,300,10.01
1819.mp4,day,1280,720,29.97,570,19.02
1820.mp4,day,1280,720,29.97,300,10.01
1821.mp4,day,1280,720,29.97,300,10.01
1822.mp4,day,1280,720,29.97,390,13.01
1823.mp4,day,1280,720,29.97,300,10.01
1824.mp4,day,1280,720,29.97,300,10.01
1826.mp4,day,1280,720,59.94,600,10.01
1827.mp4,day,1280,720,29.97,300,10.01
1829.mp4,day,1280,720,29.97,300,10.01
1830.mp4,day,1280,720,29.97,360,12.01
1831.mp4,day,1280,720,29.97,360,12.01
1832.mp4,day,1280,720,30.0,300,10.0
1833.mp4,day,1280,720,59.94,600,10.01
1834.mp4,day,1280,720,30.0,300,10.0
1835.mp4,day,1280,720,29.97,390,13.01
1836.mp4,day,1280,720,29.97,300,10.01
1837.mp4,day,1280,720,59.94,720,12.01
1838.mp4,day,1280,720,29.97,300,10.01
1840.mp4,day,1280,720,30.0,300,10.0
1841.mp4,day,1280,720,59.94,600,10.01
1842.mp4,day,1280,720,29.97,300,10.01
1843.mp4,day,1280,720,59.94,600,10.01
1844.mp4,day,1280,720,29.97,300,10.01
1845.mp4,day,1280,720,29.97,300,10.01
1848.mp4,day,1280,720,29.97,300,10.01
1851.mp4,day,1280,720,29.97,720,24.02
1852.mp4,day,1280,720,29.97,510,17.02
1853.mp4,day,1280,720,29.97,300,10.01
1854.mp4,day,1280,720,29.97,300,10.01
1857.mp4,day,1280,720,30.0,300,10.0
1858.mp4,day,1280,720,30.0,300,10.0
1859.mp4,day,1280,720,29.97,300,10.01
1862.mp4,day,1280,720,29.97,300,10.01
1863.mp4,day,1280,720,59.94,600,10.01
1864.mp4,day,1280,720,29.97,300,10.01
1865.mp4,day,1280,720,29.97,300,10.01
1866.mp4,day,1280,720,29.97,300,10.01
1867.mp4,day,1280,720,29.97,300,10.01
1868.mp4,day,1280,720,30.0,300,10.0
1872.mp4,day,1280,720,29.97,300,10.01
1874.mp4,day,1280,720,59.94,600,10.01
1875.mp4,day,1280,720,30.0,300,10.0
1876.mp4,day,1280,720,60.0,600,10.0
1880.mp4,day,1280,720,30.0,300,10.0
1882.mp4,day,1280,720,29.97,600,20.02
1883.mp4,day,1280,720,59.94,600,10.01
1884.mp4,day,1280,720,29.97,300,10.01
1885.mp4,day,1280,720,29.97,300,10.01
1886.mp4,day,1280,720,29.97,300,10.01
1888.mp4,day,1280,720,29.97,840,28.03
1889.mp4,day,1280,720,29.97,300,10.01
1891.mp4,day,1280,720,59.94,600,10.01
1892.mp4,day,1280,720,59.94,600,10.01
1893.mp4,day,1280,720,29.97,300,10.01
1894.mp4,day,1280,720,59.94,600,10.01
1896.mp4,day,1280,720,29.97,510,17.02
1900.mp4,day,1280,720,29.97,300,10.01
1903.mp4,day,1280,720,29.97,300,10.01
1906.mp4,day,1280,720,59.94,600,10.01
1907.mp4,day,1280,720,30.0,300,10.0
1910.mp4,day,1280,720,29.97,300,10.01
1911.mp4,day,1280,720,29.97,300,10.01
1912.mp4,day,1280,720,29.97,300,10.01
1913.mp4,day,1280,720,29.97,300,10.01
1915.mp4,day,1280,720,30.0,300,10.0
1916.mp4,day,1280,720,29.97,300,10.01
1917.mp4,day,1280,720,29.97,300,10.01
1919.mp4,day,1280,720,59.94,600,10.01
1920.mp4,day,1280,720,29.97,300,10.01
1921.mp4,day,1280,720,29.97,300,10.01
1922.mp4,day,1280,720,29.97,300,10.01
1924.mp4,day,1280,720,29.97,300,10.01
1927.mp4,day,1280,720,29.97,300,10.01
1928.mp4,day,1280,720,29.97,300,10.01
1930.mp4,day,1280,720,29.97,360,12.01
1932.mp4,day,1280,720,29.97,300,10.01
1933.mp4,day,1280,720,29.97,390,13.01
1935.mp4,day,1280,720,29.97,300,10.01
1936.mp4,day,1280,720,59.94,600,10.01
1938.mp4,day,1280,720,29.97,300,10.01
1939.mp4,day,1280,720,29.97,300,10.01
1941.mp4,day,1280,720,29.97,300,10.01
1942.mp4,day,1280,720,29.97,300,10.01
1943.mp4,day,1280,720,29.97,300,10.01
1944.mp4,day,1280,720,29.97,300,10.01
1945.mp4,day,1280,720,29.97,690,23.02
1946.mp4,day,1280,720,29.97,450,15.02
1948.mp4,day,1280,720,30.0,300,10.0
1950.mp4,day,1280,720,59.94,600,10.01
1951.mp4,day,1280,720,29.97,300,10.01
1952.mp4,day,1280,720,59.94,600,10.01
1953.mp4,day,1280,720,29.97,300,10.01
1954.mp4,day,1280,720,29.97,300,10.01
1955.mp4,day,1280,720,29.97,300,10.01
1956.mp4,day,1280,720,30.0,300,10.0
1957.mp4,day,1280,720,29.97,300,10.01
1958.mp4,day,1280,720,29.97,300,10.01
1959.mp4,day,1280,720,29.97,300,10.01
1960.mp4,day,1280,720,29.97,300,10.01
1961.mp4,day,1280,720,30.0,300,10.0
1962.mp4,day,1280,720,29.97,300,10.01
1963.mp4,day,1280,720,29.97,300,10.01
1964.mp4,day,1280,720,29.97,570,19.02
1965.mp4,day,1280,720,29.97,300,10.01
1966.mp4,day,1280,720,29.97,300,10.01
1967.mp4,day,1280,720,30.0,300,10.0
1968.mp4,day,1280,720,29.97,300,10.01
1969.mp4,day,1280,720,29.97,540,18.02
1970.mp4,day,1280,720,29.97,300,10.01
1972.mp4,day,1280,720,29.97,300,10.01
1975.mp4,day,1280,720,29.97,300,10.01
1978.mp4,day,1280,720,29.97,390,13.01
1979.mp4,day,1280,720,59.94,600,10.01
1980.mp4,day,1280,720,59.94,600,10.01
1981.mp4,day,1280,720,29.97,300,10.01
1984.mp4,day,1280,720,29.97,300,10.01
1985.mp4,day,1280,720,29.97,300,10.01
1986.mp4,day,1280,720,29.97,300,10.01
1987.mp4,day,1280,720,59.94,600,10.01
1988.mp4,day,1280,720,29.97,300,10.01
1989.mp4,day,1280,720,30.0,300,10.0
1990.mp4,day,1280,720,30.0,300,10.0
1992.mp4,day,1280,720,30.0,301,10.03
1993.mp4,day,1280,720,30.0,300,10.0
1995.mp4,day,1280,720,29.97,300,10.01
1996.mp4,day,1280,720,29.97,300,10.01
1998.mp4,day,1280,720,29.97,300,10.01
2000.mp4,day,1280,720,29.97,300,10.01
2001.mp4,day,1280,720,59.94,1079,18.0
2002.mp4,day,1280,720,29.97,300,10.01
2006.mp4,day,1280,720,29.97,300,10.01
2008.mp4,day,1280,720,59.94,600,10.01
2010.mp4,day,1280,720,29.97,360,12.01
2011.mp4,day,1280,720,29.97,300,10.01
2012.mp4,day,1280,720,29.97,300,10.01
2013.mp4,day,1280,720,29.97,300,10.01
2015.mp4,day,1280,720,30.0,300,10.0
2017.mp4,day,1280,720,29.97,300,10.01
513.mp4,evening_low_light,1280,720,30.0,300,10.0
976.mp4,evening_low_light,1280,720,30.0,300,10.0
1348.mp4,evening_low_light,1280,720,29.97,300,10.01
1451.mp4,evening_low_light,1280,720,29.97,300,10.01
1760.mp4,evening_low_light,1280,720,59.94,600,10.01
37.mp4,night,1280,720,30.0,300,10.0
105.mp4,night,1280,720,29.97,300,10.01
139.mp4,night,1280,720,29.97,300,10.01
206.mp4,night,1280,720,29.97,300,10.01
250.mp4,night,1280,720,29.97,300,10.01
262.mp4,night,1280,720,60.0,600,10.0
409.mp4,night,1280,720,30.0,300,10.0
621.mp4,night,1280,720,29.97,300,10.01
812.mp4,night,1280,720,59.94,600,10.01
817.mp4,night,1280,720,29.97,300,10.01
950.mp4,night,1280,720,30.0,300,10.0
993.mp4,night,1280,720,30.0,300,10.0
1011.mp4,night,1280,720,29.97,300,10.01
1065.mp4,night,1280,720,29.97,300,10.01
1080.mp4,night,1280,720,29.97,300,10.01
1191.mp4,night,1280,720,29.97,300,10.01
1355.mp4,night,1280,720,30.0,300,10.0
1368.mp4,night,1280,720,29.97,300,10.01
1498.mp4,night,1280,720,29.97,300,10.01
1531.mp4,night,1280,720,29.97,300,10.01
1695.mp4,night,1280,720,29.97,300,10.01
1787.mp4,night,1280,720,29.97,300,10.01
1799.mp4,night,1280,720,29.97,300,10.01
1813.mp4,night,1280,720,29.97,630,21.02
1847.mp4,night,1280,720,29.97,300,10.01
1869.mp4,night,1280,720,29.97,300,10.01
1870.mp4,night,1280,720,29.97,300,10.01
1899.mp4,night,1280,720,29.97,300,10.01
1905.mp4,night,1280,720,29.97,300,10.01
1918.mp4,night,1280,720,29.97,420,14.01
