config,mAP50,mAP50-95,P,R,skip%,FULL%,LOCAL%,escalations,roi_crops,GFLOPs/frame,FLOP_frac,wasted_LOCAL_GFLOPs,fps_e2e,latency_mean_ms,latency_p95_ms
baseline,0.9895,0.9805,0.9780,0.9614,0.0,100.0,0.0,0,0,5.220,1.0000,0.00,59.3,16.85,18.55
fixed2_flow,0.9135,0.8165,0.9212,0.9192,50.0,50.0,0.0,0,0,2.610,0.5000,0.00,90.8,11.01,21.05
fixed3_flow,0.8764,0.7318,0.8916,0.8885,66.7,33.3,0.0,0,0,1.740,0.3333,0.00,125.5,7.97,20.81
fixed4_flow,0.8428,0.6628,0.8733,0.8659,75.0,25.0,0.0,0,0,1.305,0.2500,0.00,155.3,6.44,20.77
fixed2_093,0.9144,0.8207,0.9269,0.9150,50.0,50.0,0.0,0,0,2.610,0.5000,0.00,85.9,11.64,22.83
fixed3_093,0.8780,0.7383,0.8952,0.8829,66.7,33.3,0.0,0,0,1.740,0.3333,0.00,118.6,8.43,22.26
fixed4_093,0.8452,0.6712,0.8800,0.8572,75.0,25.0,0.0,0,0,1.305,0.2500,0.00,142.7,7.01,23.36
adaptive_C,0.9101,0.8115,0.9273,0.9112,52.8,47.2,3.4,1680,1994,3.392,0.6498,0.00,60.7,16.47,52.72
C_fullfallback,0.9178,0.8262,0.9278,0.9175,49.7,50.3,0.0,1970,0,2.628,0.5034,0.00,78.2,12.78,24.66
C_k3_no_local,0.9196,0.8285,0.9265,0.9197,48.9,51.1,0.0,1988,0,2.669,0.5113,0.00,79.1,12.64,23.69
C_k5_no_local,0.9176,0.8257,0.9274,0.9174,50.1,49.9,0.0,1965,0,2.607,0.4994,0.00,80.4,12.43,23.55
