config,video,frames,mAP50,mAP50-95
baseline,day_1,300,0.9764,0.9678
baseline,day_1004,300,0.9699,0.9466
baseline,day_1016,300,0.9688,0.9577
baseline,day_1038,300,0.9923,0.9888
baseline,day_1058,300,0.9011,0.8931
baseline,day_1060,300,0.9882,0.9826
baseline,day_1115,300,0.9940,0.9884
baseline,day_1149,300,0.9894,0.9793
baseline,day_1158,300,0.9937,0.9855
baseline,day_1162,360,0.9543,0.9500
baseline,day_117,300,0.9695,0.9576
baseline,day_1171,300,0.9918,0.9849
baseline,day_1175,300,0.9886,0.9812
baseline,day_1216,420,0.9943,0.9904
baseline,day_124,300,0.9794,0.9763
fixed2_flow,day_1,300,0.8793,0.8095
fixed2_flow,day_1004,300,0.8797,0.8069
fixed2_flow,day_1016,300,0.8119,0.7502
fixed2_flow,day_1038,300,0.7535,0.6593
fixed2_flow,day_1058,300,0.7588,0.6519
fixed2_flow,day_1060,300,0.7745,0.7394
fixed2_flow,day_1115,300,0.9179,0.8129
fixed2_flow,day_1149,300,0.8497,0.7397
fixed2_flow,day_1158,300,0.9473,0.8083
fixed2_flow,day_1162,360,0.6795,0.5811
fixed2_flow,day_117,300,0.7220,0.6060
fixed2_flow,day_1171,300,0.9081,0.7989
fixed2_flow,day_1175,300,0.7733,0.7175
fixed2_flow,day_1216,420,0.9463,0.8199
fixed2_flow,day_124,300,0.8198,0.7404
fixed3_flow,day_1,300,0.8148,0.7157
fixed3_flow,day_1004,300,0.8289,0.7187
fixed3_flow,day_1016,300,0.6621,0.5744
fixed3_flow,day_1038,300,0.7141,0.5815
fixed3_flow,day_1058,300,0.6672,0.5308
fixed3_flow,day_1060,300,0.5996,0.5450
fixed3_flow,day_1115,300,0.8571,0.6977
fixed3_flow,day_1149,300,0.7362,0.5848
fixed3_flow,day_1158,300,0.9169,0.7069
fixed3_flow,day_1162,360,0.5218,0.4003
fixed3_flow,day_117,300,0.6676,0.5181
fixed3_flow,day_1171,300,0.6904,0.5174
fixed3_flow,day_1175,300,0.7367,0.6438
fixed3_flow,day_1216,420,0.7448,0.6381
fixed3_flow,day_124,300,0.7385,0.6284
fixed4_flow,day_1,300,0.8004,0.6720
fixed4_flow,day_1004,300,0.7941,0.6667
fixed4_flow,day_1016,300,0.7117,0.5948
fixed4_flow,day_1038,300,0.6056,0.4693
fixed4_flow,day_1058,300,0.5296,0.3656
fixed4_flow,day_1060,300,0.5558,0.4936
fixed4_flow,day_1115,300,0.8491,0.6391
fixed4_flow,day_1149,300,0.7203,0.5265
fixed4_flow,day_1158,300,0.8964,0.6531
fixed4_flow,day_1162,360,0.4659,0.3447
fixed4_flow,day_117,300,0.6329,0.4850
fixed4_flow,day_1171,300,0.6682,0.4667
fixed4_flow,day_1175,300,0.5948,0.4900
fixed4_flow,day_1216,420,0.8964,0.7143
fixed4_flow,day_124,300,0.6478,0.5081
fixed2_093,day_1,300,0.8801,0.8124
fixed2_093,day_1004,300,0.8808,0.8097
fixed2_093,day_1016,300,0.8123,0.7527
fixed2_093,day_1038,300,0.7546,0.6625
fixed2_093,day_1058,300,0.7599,0.6554
fixed2_093,day_1060,300,0.7754,0.7410
fixed2_093,day_1115,300,0.9188,0.8166
fixed2_093,day_1149,300,0.8531,0.7466
fixed2_093,day_1158,300,0.9477,0.8137
fixed2_093,day_1162,360,0.6854,0.5895
fixed2_093,day_117,300,0.7277,0.6128
fixed2_093,day_1171,300,0.9090,0.8034
fixed2_093,day_1175,300,0.7738,0.7193
fixed2_093,day_1216,420,0.8915,0.7846
fixed2_093,day_124,300,0.8298,0.7523
fixed3_093,day_1,300,0.8174,0.7214
fixed3_093,day_1004,300,0.8302,0.7229
fixed3_093,day_1016,300,0.6622,0.5769
fixed3_093,day_1038,300,0.7058,0.5807
fixed3_093,day_1058,300,0.6816,0.5478
fixed3_093,day_1060,300,0.6001,0.5470
fixed3_093,day_1115,300,0.8584,0.7018
fixed3_093,day_1149,300,0.7368,0.5899
fixed3_093,day_1158,300,0.9179,0.7180
fixed3_093,day_1162,360,0.5291,0.4098
fixed3_093,day_117,300,0.6737,0.5294
fixed3_093,day_1171,300,0.6910,0.5217
fixed3_093,day_1175,300,0.7379,0.6466
fixed3_093,day_1216,420,0.7465,0.6440
fixed3_093,day_124,300,0.7483,0.6421
fixed4_093,day_1,300,0.8054,0.6810
fixed4_093,day_1004,300,0.7992,0.6757
fixed4_093,day_1016,300,0.7074,0.5944
fixed4_093,day_1038,300,0.6077,0.4755
fixed4_093,day_1058,300,0.5315,0.3716
fixed4_093,day_1060,300,0.5572,0.4968
fixed4_093,day_1115,300,0.8529,0.6499
fixed4_093,day_1149,300,0.7265,0.5393
fixed4_093,day_1158,300,0.8978,0.6640
fixed4_093,day_1162,360,0.4695,0.3525
fixed4_093,day_117,300,0.6436,0.5021
fixed4_093,day_1171,300,0.6690,0.4763
fixed4_093,day_1175,300,0.5949,0.4929
fixed4_093,day_1216,420,0.8987,0.7217
fixed4_093,day_124,300,0.6598,0.5224
adaptive_C,day_1,300,0.8848,0.8124
adaptive_C,day_1004,300,0.8886,0.8144
adaptive_C,day_1016,300,0.7644,0.6890
adaptive_C,day_1038,300,0.6094,0.5260
adaptive_C,day_1058,300,0.8473,0.7543
adaptive_C,day_1060,300,0.7828,0.7457
adaptive_C,day_1115,300,0.9197,0.8242
adaptive_C,day_1149,300,0.8575,0.7427
adaptive_C,day_1158,300,0.9456,0.8238
adaptive_C,day_1162,360,0.5704,0.4824
adaptive_C,day_117,300,0.7703,0.6809
adaptive_C,day_1171,300,0.8323,0.7158
adaptive_C,day_1175,300,0.8251,0.7454
adaptive_C,day_1216,420,0.7284,0.6148
adaptive_C,day_124,300,0.8349,0.7579
C_fullfallback,day_1,300,0.9065,0.8362
C_fullfallback,day_1004,300,0.8882,0.8170
C_fullfallback,day_1016,300,0.8123,0.7531
C_fullfallback,day_1038,300,0.7549,0.6620
C_fullfallback,day_1058,300,0.8473,0.7546
C_fullfallback,day_1060,300,0.7830,0.7485
C_fullfallback,day_1115,300,0.9249,0.8295
C_fullfallback,day_1149,300,0.8577,0.7442
C_fullfallback,day_1158,300,0.9456,0.8259
C_fullfallback,day_1162,360,0.6443,0.5438
C_fullfallback,day_117,300,0.7877,0.6991
C_fullfallback,day_1171,300,0.8387,0.7279
C_fullfallback,day_1175,300,0.8283,0.7588
C_fullfallback,day_1216,420,0.7710,0.6961
C_fullfallback,day_124,300,0.8491,0.7777
C_k3_no_local,day_1,300,0.9065,0.8362
C_k3_no_local,day_1004,300,0.8882,0.8173
C_k3_no_local,day_1016,300,0.7622,0.7088
C_k3_no_local,day_1038,300,0.8215,0.7317
C_k3_no_local,day_1058,300,0.8473,0.7546
C_k3_no_local,day_1060,300,0.7830,0.7485
C_k3_no_local,day_1115,300,0.9249,0.8295
C_k3_no_local,day_1149,300,0.8577,0.7442
C_k3_no_local,day_1158,300,0.9456,0.8259
C_k3_no_local,day_1162,360,0.7113,0.6017
C_k3_no_local,day_117,300,0.7877,0.6991
C_k3_no_local,day_1171,300,0.8387,0.7287
C_k3_no_local,day_1175,300,0.8283,0.7588
C_k3_no_local,day_1216,420,0.7649,0.6901
C_k3_no_local,day_124,300,0.8491,0.7777
C_k5_no_local,day_1,300,0.9065,0.8362
C_k5_no_local,day_1004,300,0.8882,0.8170
C_k5_no_local,day_1016,300,0.7132,0.6597
C_k5_no_local,day_1038,300,0.7472,0.6560
C_k5_no_local,day_1058,300,0.8473,0.7546
C_k5_no_local,day_1060,300,0.7830,0.7485
C_k5_no_local,day_1115,300,0.9249,0.8295
C_k5_no_local,day_1149,300,0.8577,0.7442
C_k5_no_local,day_1158,300,0.9456,0.8259
C_k5_no_local,day_1162,360,0.6554,0.5430
C_k5_no_local,day_117,300,0.7877,0.6991
C_k5_no_local,day_1171,300,0.8386,0.7280
C_k5_no_local,day_1175,300,0.8283,0.7588
C_k5_no_local,day_1216,420,0.8624,0.7458
C_k5_no_local,day_124,300,0.8491,0.7777
