video,condition,mean_luminance,pct_frames_below_threshold,frames_sampled,confidence
1.mp4,Day,77.81,0.0,30,measured
2.mp4,Day,108.02,0.0,30,measured
3.mp4,Day,101.02,0.0,30,measured
4.mp4,Day,140.13,0.0,30,measured
5.mp4,Day,85.9,0.0,30,measured
6.mp4,Day,125.72,0.0,30,measured
9.mp4,Day,81.56,0.0,30,measured
10.mp4,Day,84.57,0.0,30,measured
11.mp4,Day,108.45,0.0,30,measured
12.mp4,Day,66.62,0.0,30,measured
13.mp4,Day,109.49,0.0,30,measured
15.mp4,Day,98.16,0.0,30,measured
17.mp4,Day,130.55,0.0,30,measured
18.mp4,Day,118.78,0.0,30,measured
19.mp4,Day,103.87,0.0,30,measured
20.mp4,Day,91.64,0.0,30,measured
22.mp4,Day,114.12,0.0,30,measured
23.mp4,Day,95.75,0.0,30,measured
24.mp4,Day,84.2,0.0,30,measured
25.mp4,Day,101.55,0.0,30,measured
27.mp4,Day,117.25,0.0,30,measured
28.mp4,Day,110.48,0.0,30,measured
29.mp4,Day,116.12,0.0,30,measured
30.mp4,Day,65.43,0.0,30,measured
31.mp4,Day,85.92,0.0,30,measured
32.mp4,Day,107.05,0.0,30,measured
33.mp4,Day,109.01,0.0,30,measured
34.mp4,Day,100.58,0.0,30,measured
35.mp4,Day,96.73,0.0,30,measured
37.mp4,Night,28.55,100.0,30,measured
38.mp4,Day,157.55,0.0,30,measured
40.mp4,Day,80.5,0.0,30,measured
42.mp4,Day,109.87,0.0,30,measured
44.mp4,Day,97.32,0.0,30,measured
45.mp4,Day,121.73,0.0,30,measured
47.mp4,Day,105.81,0.0,30,measured
48.mp4,Day,91.65,0.0,30,measured
50.mp4,Day,126.84,0.0,30,measured
51.mp4,Day,89.35,0.0,30,measured
52.mp4,Day,84.52,0.0,30,measured
53.mp4,Day,107.83,0.0,30,measured
54.mp4,Day,146.96,0.0,30,measured
56.mp4,Day,86.57,0.0,30,measured
57.mp4,Day,109.58,0.0,30,measured
58.mp4,Day,130.24,0.0,30,measured
59.mp4,Day,143.98,0.0,30,measured
60.mp4,Day,125.3,0.0,30,measured
61.mp4,Day,129.05,0.0,30,measured
62.mp4,Day,127.65,0.0,30,measured
63.mp4,Day,89.43,0.0,30,measured
64.mp4,Day,112.3,0.0,30,measured
65.mp4,Day,98.75,0.0,30,measured
69.mp4,Day,122.27,0.0,30,measured
71.mp4,Day,107.5,0.0,30,measured
72.mp4,Day,94.86,0.0,30,measured
73.mp4,Day,71.03,0.0,30,measured
74.mp4,Day,115.6,0.0,30,measured
76.mp4,Day,115.84,0.0,30,measured
78.mp4,Day,124.45,0.0,30,measured
79.mp4,Day,91.69,0.0,30,measured
82.mp4,Day,107.37,0.0,30,measured
83.mp4,Day,125.73,0.0,30,measured
85.mp4,Day,128.23,0.0,30,measured
88.mp4,Day,81.91,0.0,30,measured
89.mp4,Day,78.39,0.0,30,measured
90.mp4,Day,96.03,0.0,30,measured
93.mp4,Day,96.64,0.0,30,measured
94.mp4,Day,87.39,0.0,30,measured
99.mp4,Day,127.12,0.0,30,measured
100.mp4,Day,118.79,0.0,30,measured
102.mp4,Day,99.3,0.0,30,measured
105.mp4,Night,38.69,100.0,30,measured
106.mp4,Day,70.29,0.0,30,measured
107.mp4,Day,97.71,0.0,30,measured
108.mp4,Day,157.38,0.0,30,measured
109.mp4,Day,119.51,0.0,30,measured
111.mp4,Day,107.83,0.0,30,measured
112.mp4,Day,78.99,0.0,30,measured
113.mp4,Day,123.28,0.0,30,measured
114.mp4,Day,82.05,0.0,30,measured
115.mp4,Day,123.43,0.0,30,measured
116.mp4,Day,106.47,0.0,30,measured
117.mp4,Day,109.28,0.0,30,measured
118.mp4,Day,144.94,0.0,30,measured
120.mp4,Day,75.0,0.0,30,measured
121.mp4,Day,118.87,0.0,30,measured
122.mp4,Day,79.54,0.0,30,measured
124.mp4,Day,133.72,0.0,30,measured
125.mp4,Day,73.75,0.0,30,measured
126.mp4,Day,130.38,0.0,30,measured
127.mp4,Day,95.42,0.0,30,measured
128.mp4,Day,70.11,0.0,30,measured
129.mp4,Day,86.87,0.0,30,measured
131.mp4,Day,113.22,0.0,30,measured
132.mp4,Day,87.19,0.0,30,measured
134.mp4,Day,93.51,0.0,30,measured
135.mp4,Day,130.88,0.0,30,measured
136.mp4,Day,113.76,0.0,30,measured
137.mp4,Day,80.55,0.0,30,measured
138.mp4,Day,109.74,0.0,30,measured
139.mp4,Evening/low-light,41.13,66.67,30,measured
141.mp4,Day,140.41,0.0,30,measured
145.mp4,Day,127.58,0.0,30,measured
146.mp4,Day,126.84,0.0,30,measured
147.mp4,Day,93.0,0.0,30,measured
148.mp4,Day,116.58,0.0,30,measured
149.mp4,Day,118.65,0.0,30,measured
150.mp4,Day,123.77,0.0,30,measured
151.mp4,Day,113.66,0.0,30,measured
152.mp4,Day,83.16,0.0,30,measured
153.mp4,Day,129.88,0.0,30,measured
155.mp4,Day,100.18,0.0,30,measured
156.mp4,Day,124.2,0.0,30,measured
159.mp4,Day,93.59,0.0,30,measured
161.mp4,Day,84.7,0.0,30,measured
162.mp4,Day,100.72,0.0,30,measured
163.mp4,Day,88.46,0.0,30,measured
164.mp4,Day,116.3,0.0,30,measured
165.mp4,Day,67.73,0.0,30,measured
166.mp4,Day,103.71,0.0,30,measured
167.mp4,Day,85.78,0.0,30,measured
168.mp4,Day,112.3,0.0,30,measured
169.mp4,Day,81.87,0.0,30,measured
171.mp4,Day,72.74,0.0,30,measured
173.mp4,Day,137.47,0.0,30,measured
174.mp4,Day,75.72,0.0,30,measured
175.mp4,Day,78.43,0.0,30,measured
176.mp4,Day,126.74,0.0,30,measured
177.mp4,Day,119.52,0.0,30,measured
178.mp4,Day,100.89,0.0,30,measured
181.mp4,Day,88.59,0.0,30,measured
183.mp4,Day,104.18,0.0,30,measured
184.mp4,Day,108.19,0.0,30,measured
188.mp4,Day,98.51,0.0,30,measured
189.mp4,Day,114.49,0.0,30,measured
190.mp4,Day,115.68,0.0,30,measured
191.mp4,Day,97.34,0.0,30,measured
192.mp4,Day,137.7,0.0,30,measured
194.mp4,Day,85.51,0.0,30,measured
195.mp4,Day,134.0,0.0,30,measured
196.mp4,Day,69.35,0.0,30,measured
198.mp4,Day,89.63,0.0,30,measured
199.mp4,Day,66.03,0.0,30,measured
200.mp4,Day,77.78,0.0,30,measured
201.mp4,Day,89.75,0.0,30,measured
202.mp4,Day,132.06,0.0,30,measured
203.mp4,Day,115.5,0.0,30,measured
205.mp4,Day,111.78,0.0,30,measured
206.mp4,Night,29.63,100.0,30,measured
212.mp4,Day,86.95,0.0,30,measured
215.mp4,Day,105.53,0.0,30,measured
217.mp4,Day,110.6,0.0,30,measured
218.mp4,Day,101.06,0.0,30,measured
220.mp4,Day,95.54,0.0,30,measured
221.mp4,Day,146.0,0.0,30,measured
222.mp4,Day,112.94,0.0,30,measured
223.mp4,Day,100.13,0.0,30,measured
226.mp4,Day,83.35,0.0,30,measured
227.mp4,Day,125.3,0.0,30,measured
228.mp4,Day,103.3,0.0,30,measured
229.mp4,Day,102.43,0.0,30,measured
230.mp4,Day,112.6,0.0,30,measured
231.mp4,Day,108.76,0.0,30,measured
232.mp4,Day,135.33,0.0,30,measured
233.mp4,Day,131.38,0.0,30,measured
234.mp4,Day,94.53,0.0,30,measured
235.mp4,Day,91.32,0.0,30,measured
237.mp4,Day,117.35,0.0,30,measured
238.mp4,Day,109.93,0.0,30,measured
239.mp4,Day,111.59,0.0,30,measured
243.mp4,Day,118.41,0.0,30,measured
244.mp4,Day,88.76,0.0,30,measured
245.mp4,Day,134.46,0.0,30,measured
246.mp4,Day,124.18,0.0,30,measured
247.mp4,Day,84.6,0.0,30,measured
248.mp4,Day,103.98,0.0,30,measured
249.mp4,Day,116.65,0.0,30,measured
250.mp4,Evening/low-light,40.67,63.33,30,measured
251.mp4,Day,92.19,0.0,30,measured
252.mp4,Day,137.41,0.0,30,measured
253.mp4,Day,91.95,0.0,30,measured
254.mp4,Day,121.49,0.0,30,measured
255.mp4,Day,75.75,0.0,30,measured
256.mp4,Day,70.58,0.0,30,measured
258.mp4,Day,93.74,0.0,30,measured
259.mp4,Day,104.49,0.0,30,measured
262.mp4,Night,21.78,100.0,30,measured
263.mp4,Day,118.98,0.0,30,measured
264.mp4,Day,83.88,0.0,30,measured
266.mp4,Day,139.91,0.0,30,measured
268.mp4,Day,106.29,0.0,30,measured
269.mp4,Day,107.83,0.0,30,measured
271.mp4,Day,146.85,0.0,30,measured
272.mp4,Day,129.98,0.0,30,measured
273.mp4,Day,66.99,0.0,30,measured
277.mp4,Day,110.78,0.0,30,measured
278.mp4,Day,103.75,0.0,30,measured
279.mp4,Day,109.05,0.0,30,measured
280.mp4,Day,107.29,0.0,30,measured
282.mp4,Day,136.52,0.0,30,measured
283.mp4,Day,139.25,0.0,30,measured
284.mp4,Day,109.97,0.0,30,measured
285.mp4,Day,149.5,0.0,30,measured
286.mp4,Day,102.29,0.0,30,measured
287.mp4,Day,94.72,0.0,30,measured
288.mp4,Day,111.23,0.0,30,measured
290.mp4,Day,146.62,0.0,30,measured
291.mp4,Day,114.42,0.0,30,measured
293.mp4,Day,110.44,0.0,30,measured
296.mp4,Day,92.87,0.0,30,measured
297.mp4,Day,100.21,0.0,30,measured
298.mp4,Day,75.37,0.0,30,measured
300.mp4,Day,116.91,0.0,30,measured
301.mp4,Day,77.59,0.0,30,measured
302.mp4,Day,65.67,0.0,30,measured
303.mp4,Day,84.0,0.0,30,measured
304.mp4,Day,123.4,0.0,30,measured
305.mp4,Day,100.62,0.0,30,measured
306.mp4,Day,103.62,0.0,30,measured
309.mp4,Day,121.77,0.0,30,measured
310.mp4,Day,158.37,0.0,30,measured
312.mp4,Day,108.14,0.0,30,measured
313.mp4,Day,89.3,0.0,30,measured
314.mp4,Day,88.58,0.0,30,measured
315.mp4,Day,70.0,0.0,30,measured
316.mp4,Day,120.27,0.0,30,measured
318.mp4,Day,135.02,0.0,30,measured
319.mp4,Day,87.35,0.0,30,measured
321.mp4,Day,78.99,0.0,30,measured
322.mp4,Day,101.01,0.0,30,measured
323.mp4,Day,120.79,0.0,30,measured
325.mp4,Day,113.6,0.0,30,measured
327.mp4,Day,124.96,0.0,30,measured
329.mp4,Day,95.98,0.0,30,measured
331.mp4,Day,84.97,0.0,30,measured
335.mp4,Day,110.29,0.0,30,measured
337.mp4,Day,73.93,0.0,30,measured
338.mp4,Day,125.42,0.0,30,measured
339.mp4,Day,105.32,0.0,30,measured
340.mp4,Day,125.05,0.0,30,measured
343.mp4,Day,109.32,0.0,30,measured
345.mp4,Day,106.26,0.0,30,measured
346.mp4,Day,106.05,0.0,30,measured
347.mp4,Day,108.58,0.0,30,measured
348.mp4,Day,78.1,0.0,30,measured
349.mp4,Day,89.76,0.0,30,measured
350.mp4,Day,126.86,0.0,30,measured
352.mp4,Day,90.02,0.0,30,measured
353.mp4,Day,111.03,0.0,30,measured
354.mp4,Day,130.23,0.0,30,measured
355.mp4,Day,90.39,0.0,30,measured
356.mp4,Day,82.24,0.0,30,measured
357.mp4,Day,89.53,0.0,30,measured
358.mp4,Day,102.49,0.0,30,measured
359.mp4,Day,86.34,0.0,30,measured
361.mp4,Day,101.41,0.0,30,measured
362.mp4,Day,116.14,0.0,30,measured
363.mp4,Day,80.96,0.0,30,measured
364.mp4,Day,136.49,0.0,30,measured
365.mp4,Day,122.25,0.0,30,measured
366.mp4,Day,88.79,0.0,30,measured
367.mp4,Day,93.62,0.0,30,measured
368.mp4,Day,107.82,0.0,30,measured
369.mp4,Day,123.9,0.0,30,measured
370.mp4,Day,120.83,0.0,30,measured
372.mp4,Day,82.02,0.0,30,measured
373.mp4,Day,111.94,0.0,30,measured
374.mp4,Day,112.94,0.0,30,measured
375.mp4,Day,116.33,0.0,30,measured
376.mp4,Day,114.64,0.0,30,measured
377.mp4,Day,115.69,0.0,30,measured
378.mp4,Day,95.41,0.0,30,measured
379.mp4,Day,97.51,0.0,30,measured
380.mp4,Day,70.77,0.0,30,measured
383.mp4,Day,113.51,0.0,30,measured
384.mp4,Day,115.31,0.0,30,measured
386.mp4,Day,111.7,0.0,30,measured
387.mp4,Day,125.95,0.0,30,measured
388.mp4,Day,103.53,0.0,30,measured
389.mp4,Day,103.94,0.0,30,measured
391.mp4,Day,118.17,0.0,30,measured
392.mp4,Day,99.95,0.0,30,measured
394.mp4,Day,79.34,0.0,30,measured
395.mp4,Day,96.59,0.0,30,measured
398.mp4,Day,102.21,0.0,30,measured
400.mp4,Day,123.92,0.0,30,measured
403.mp4,Day,138.52,0.0,30,measured
405.mp4,Day,94.14,0.0,30,measured
406.mp4,Day,78.93,0.0,30,measured
408.mp4,Day,103.87,0.0,30,measured
409.mp4,Evening/low-light,48.37,36.67,30,measured
410.mp4,Day,93.25,0.0,30,measured
411.mp4,Day,97.31,0.0,30,measured
413.mp4,Day,101.63,0.0,30,measured
415.mp4,Day,68.33,0.0,30,measured
419.mp4,Day,133.74,0.0,30,measured
420.mp4,Day,87.33,0.0,30,measured
422.mp4,Day,109.85,0.0,30,measured
423.mp4,Day,83.47,0.0,30,measured
424.mp4,Day,104.57,0.0,30,measured
426.mp4,Day,112.64,0.0,30,measured
427.mp4,Day,101.75,0.0,30,measured
428.mp4,Day,101.5,0.0,30,measured
429.mp4,Day,102.01,0.0,30,measured
430.mp4,Day,152.08,0.0,30,measured
431.mp4,Day,105.17,0.0,30,measured
432.mp4,Day,133.33,0.0,30,measured
433.mp4,Day,107.93,0.0,30,measured
434.mp4,Day,107.39,0.0,30,measured
439.mp4,Day,124.48,0.0,30,measured
442.mp4,Day,130.83,0.0,30,measured
443.mp4,Day,135.34,0.0,30,measured
444.mp4,Day,88.0,0.0,30,measured
446.mp4,Day,84.33,0.0,30,measured
447.mp4,Day,103.25,0.0,30,measured
448.mp4,Day,137.73,0.0,30,measured
449.mp4,Day,82.31,0.0,30,measured
450.mp4,Day,94.8,0.0,30,measured
451.mp4,Day,79.03,0.0,30,measured
453.mp4,Day,67.0,0.0,30,measured
454.mp4,Day,117.6,0.0,30,measured
455.mp4,Day,98.6,0.0,30,measured
456.mp4,Day,98.7,0.0,30,measured
457.mp4,Day,101.15,0.0,30,measured
458.mp4,Day,97.42,0.0,30,measured
459.mp4,Day,91.92,0.0,30,measured
461.mp4,Day,74.49,0.0,30,measured
462.mp4,Day,124.46,0.0,30,measured
465.mp4,Day,86.23,0.0,30,measured
467.mp4,Day,88.87,0.0,30,measured
468.mp4,Day,122.63,0.0,30,measured
469.mp4,Day,97.14,0.0,30,measured
470.mp4,Day,123.49,0.0,30,measured
471.mp4,Day,111.02,0.0,30,measured
472.mp4,Day,123.1,0.0,30,measured
473.mp4,Day,103.71,0.0,30,measured
474.mp4,Day,108.94,0.0,30,measured
475.mp4,Day,124.02,0.0,30,measured
476.mp4,Day,85.96,0.0,30,measured
478.mp4,Day,87.41,0.0,30,measured
479.mp4,Day,160.03,0.0,30,measured
480.mp4,Day,53.74,0.0,30,measured
481.mp4,Day,92.8,0.0,30,measured
482.mp4,Day,113.76,0.0,30,measured
484.mp4,Day,93.51,0.0,30,measured
485.mp4,Day,119.57,0.0,30,measured
486.mp4,Day,123.58,0.0,30,measured
489.mp4,Day,96.59,0.0,30,measured
490.mp4,Day,136.74,0.0,30,measured
491.mp4,Day,93.22,0.0,30,measured
492.mp4,Day,111.03,0.0,30,measured
493.mp4,Day,156.79,0.0,30,measured
494.mp4,Day,105.14,0.0,30,measured
495.mp4,Day,112.0,0.0,30,measured
496.mp4,Day,127.42,0.0,30,measured
497.mp4,Day,95.59,0.0,30,measured
498.mp4,Day,120.09,0.0,30,measured
499.mp4,Day,63.12,0.0,30,measured
500.mp4,Day,81.18,0.0,30,measured
501.mp4,Day,110.18,0.0,30,measured
502.mp4,Day,78.35,0.0,30,measured
503.mp4,Day,72.57,0.0,30,measured
504.mp4,Day,103.83,0.0,30,measured
505.mp4,Day,87.55,0.0,30,measured
507.mp4,Day,72.99,0.0,30,measured
508.mp4,Day,116.67,0.0,30,measured
511.mp4,Day,110.4,0.0,30,measured
513.mp4,Evening/low-light,97.24,20.0,30,measured
515.mp4,Day,77.97,0.0,30,measured
519.mp4,Day,85.15,0.0,30,measured
520.mp4,Day,92.13,0.0,30,measured
521.mp4,Day,123.25,0.0,30,measured
522.mp4,Day,124.79,0.0,30,measured
523.mp4,Day,92.92,0.0,30,measured
524.mp4,Day,136.39,0.0,30,measured
526.mp4,Day,114.35,0.0,30,measured
527.mp4,Day,102.89,0.0,30,measured
528.mp4,Day,103.99,0.0,30,measured
529.mp4,Day,79.38,0.0,30,measured
530.mp4,Day,129.69,0.0,30,measured
531.mp4,Day,110.39,0.0,30,measured
534.mp4,Day,98.96,0.0,30,measured
538.mp4,Day,103.09,0.0,30,measured
539.mp4,Day,95.05,0.0,30,measured
540.mp4,Day,100.44,0.0,30,measured
544.mp4,Day,96.62,0.0,30,measured
545.mp4,Day,120.23,0.0,30,measured
546.mp4,Day,71.86,0.0,30,measured
547.mp4,Day,117.85,0.0,30,measured
549.mp4,Day,94.48,0.0,30,measured
550.mp4,Day,91.04,0.0,30,measured
551.mp4,Day,113.81,0.0,30,measured
555.mp4,Day,76.05,0.0,30,measured
556.mp4,Day,115.61,0.0,30,measured
558.mp4,Day,119.32,0.0,30,measured
559.mp4,Day,72.42,0.0,30,measured
561.mp4,Day,124.71,0.0,30,measured
562.mp4,Day,122.97,0.0,30,measured
564.mp4,Day,76.03,0.0,30,measured
566.mp4,Day,119.01,0.0,30,measured
567.mp4,Day,133.29,0.0,30,measured
568.mp4,Day,148.72,0.0,30,measured
569.mp4,Day,120.81,0.0,30,measured
571.mp4,Day,117.21,0.0,30,measured
572.mp4,Day,108.01,0.0,30,measured
573.mp4,Day,98.16,0.0,30,measured
574.mp4,Day,109.06,0.0,30,measured
576.mp4,Day,134.6,0.0,30,measured
579.mp4,Day,120.43,0.0,30,measured
580.mp4,Day,80.23,0.0,30,measured
581.mp4,Day,114.61,0.0,30,measured
583.mp4,Day,94.8,0.0,30,measured
584.mp4,Day,105.83,0.0,30,measured
585.mp4,Day,104.64,0.0,30,measured
586.mp4,Day,121.32,0.0,30,measured
589.mp4,Day,76.74,0.0,30,measured
590.mp4,Day,105.17,0.0,30,measured
592.mp4,Day,133.17,0.0,30,measured
593.mp4,Day,109.96,0.0,30,measured
595.mp4,Day,96.92,0.0,30,measured
596.mp4,Day,109.16,0.0,30,measured
597.mp4,Day,98.32,0.0,30,measured
598.mp4,Day,134.12,0.0,30,measured
599.mp4,Day,116.95,0.0,30,measured
600.mp4,Day,120.96,0.0,30,measured
601.mp4,Day,103.93,0.0,30,measured
602.mp4,Day,88.76,0.0,30,measured
604.mp4,Day,107.84,0.0,30,measured
605.mp4,Day,129.27,0.0,30,measured
606.mp4,Day,123.83,0.0,30,measured
608.mp4,Day,85.61,0.0,30,measured
609.mp4,Day,105.36,0.0,30,measured
611.mp4,Day,126.89,0.0,30,measured
612.mp4,Day,95.98,0.0,30,measured
613.mp4,Day,78.19,0.0,30,measured
614.mp4,Day,88.83,0.0,30,measured
617.mp4,Day,120.02,0.0,30,measured
620.mp4,Day,131.09,0.0,30,measured
621.mp4,Night,29.14,100.0,30,measured
622.mp4,Day,87.85,0.0,30,measured
624.mp4,Day,124.86,0.0,30,measured
625.mp4,Day,129.48,0.0,30,measured
627.mp4,Day,99.5,0.0,30,measured
630.mp4,Day,98.07,0.0,30,measured
631.mp4,Day,101.35,0.0,30,measured
632.mp4,Day,119.06,0.0,30,measured
634.mp4,Day,84.38,0.0,30,measured
635.mp4,Day,67.38,0.0,30,measured
636.mp4,Day,89.02,0.0,30,measured
637.mp4,Day,124.81,0.0,30,measured
638.mp4,Day,89.76,0.0,30,measured
639.mp4,Day,92.75,0.0,30,measured
640.mp4,Day,84.7,0.0,30,measured
641.mp4,Day,128.13,0.0,30,measured
642.mp4,Day,105.92,0.0,30,measured
644.mp4,Day,104.81,0.0,30,measured
647.mp4,Day,79.54,0.0,30,measured
648.mp4,Day,101.41,0.0,30,measured
652.mp4,Day,102.24,3.33,30,measured
653.mp4,uncertain,82.47,6.67,30,measured
655.mp4,Day,115.65,0.0,30,measured
656.mp4,Day,124.78,0.0,30,measured
657.mp4,Day,131.61,0.0,30,measured
658.mp4,Day,69.52,0.0,30,measured
659.mp4,Day,70.48,0.0,30,measured
660.mp4,Day,92.27,0.0,30,measured
661.mp4,Day,96.96,0.0,30,measured
663.mp4,Day,76.99,0.0,30,measured
665.mp4,Day,110.58,0.0,30,measured
666.mp4,Day,118.9,0.0,30,measured
667.mp4,Day,109.18,0.0,30,measured
668.mp4,Day,73.15,0.0,30,measured
669.mp4,Day,128.8,0.0,30,measured
670.mp4,Day,104.46,0.0,30,measured
671.mp4,Day,63.82,3.33,30,measured
672.mp4,Day,104.02,0.0,30,measured
673.mp4,Day,83.1,0.0,30,measured
676.mp4,Day,72.42,0.0,30,measured
678.mp4,Day,84.52,0.0,30,measured
679.mp4,Day,124.94,0.0,30,measured
681.mp4,Day,119.26,0.0,30,measured
682.mp4,Day,120.55,0.0,30,measured
683.mp4,Day,107.18,0.0,30,measured
684.mp4,Day,129.84,0.0,30,measured
685.mp4,Day,104.95,0.0,30,measured
686.mp4,Day,118.03,0.0,30,measured
687.mp4,Day,95.38,0.0,30,measured
688.mp4,Day,81.5,0.0,30,measured
689.mp4,Day,113.95,0.0,30,measured
690.mp4,Day,76.04,0.0,30,measured
694.mp4,Day,99.67,0.0,30,measured
695.mp4,Day,104.12,0.0,30,measured
696.mp4,Day,85.14,0.0,30,measured
698.mp4,Day,87.15,0.0,30,measured
699.mp4,Day,110.49,0.0,30,measured
701.mp4,Day,111.9,0.0,30,measured
702.mp4,Day,121.53,0.0,30,measured
708.mp4,Day,107.34,0.0,30,measured
709.mp4,Day,85.59,0.0,30,measured
711.mp4,Day,101.11,0.0,30,measured
712.mp4,Day,95.89,0.0,30,measured
713.mp4,Day,96.96,0.0,30,measured
714.mp4,Day,153.93,0.0,30,measured
715.mp4,Day,131.72,0.0,30,measured
716.mp4,Day,103.91,0.0,30,measured
717.mp4,Day,110.6,0.0,30,measured
720.mp4,Day,123.71,0.0,30,measured
722.mp4,Day,104.23,0.0,30,measured
723.mp4,Day,114.76,0.0,30,measured
724.mp4,Day,79.39,0.0,30,measured
725.mp4,Day,87.13,0.0,30,measured
728.mp4,Day,101.49,0.0,30,measured
729.mp4,Day,65.42,0.0,30,measured
731.mp4,Day,123.48,0.0,30,measured
732.mp4,Day,98.55,0.0,30,measured
733.mp4,Day,148.3,0.0,30,measured
734.mp4,Day,110.47,0.0,30,measured
735.mp4,Day,78.43,0.0,30,measured
736.mp4,Day,103.64,0.0,30,measured
737.mp4,Day,88.16,0.0,30,measured
739.mp4,Day,101.26,0.0,30,measured
740.mp4,Day,119.69,0.0,30,measured
741.mp4,Day,68.48,0.0,30,measured
742.mp4,Day,102.46,0.0,30,measured
745.mp4,Day,76.32,0.0,30,measured
746.mp4,Day,84.05,0.0,30,measured
747.mp4,Day,104.51,0.0,30,measured
748.mp4,Day,103.5,0.0,30,measured
749.mp4,Day,96.55,0.0,30,measured
750.mp4,Day,78.71,0.0,30,measured
751.mp4,Day,116.52,0.0,30,measured
752.mp4,Day,75.88,0.0,30,measured
754.mp4,Day,83.66,0.0,30,measured
755.mp4,Day,92.19,0.0,30,measured
756.mp4,Day,85.19,0.0,30,measured
757.mp4,Day,109.64,0.0,30,measured
758.mp4,Day,80.15,0.0,30,measured
759.mp4,Day,66.84,0.0,30,measured
760.mp4,Day,126.52,0.0,30,measured
761.mp4,Day,81.23,0.0,30,measured
763.mp4,Day,108.64,0.0,30,measured
765.mp4,Day,101.54,0.0,30,measured
766.mp4,Day,144.33,0.0,30,measured
768.mp4,Day,94.93,0.0,30,measured
769.mp4,Day,84.72,0.0,30,measured
770.mp4,Day,110.41,0.0,30,measured
772.mp4,Day,146.78,0.0,30,measured
774.mp4,Day,125.08,0.0,30,measured
776.mp4,Day,121.32,0.0,30,measured
777.mp4,Day,105.92,0.0,30,measured
778.mp4,Day,91.47,0.0,30,measured
779.mp4,Day,123.98,0.0,30,measured
780.mp4,Day,75.66,0.0,30,measured
782.mp4,Day,120.41,0.0,30,measured
784.mp4,Day,149.85,0.0,30,measured
786.mp4,Day,96.87,0.0,30,measured
788.mp4,Day,62.97,0.0,30,measured
790.mp4,Day,117.77,0.0,30,measured
791.mp4,Day,114.57,0.0,30,measured
793.mp4,Day,93.25,0.0,30,measured
794.mp4,Day,120.4,0.0,30,measured
795.mp4,Day,155.28,0.0,30,measured
796.mp4,Day,85.79,0.0,30,measured
798.mp4,Day,68.58,0.0,30,measured
803.mp4,Day,111.5,0.0,30,measured
806.mp4,Day,76.45,0.0,30,measured
809.mp4,Day,133.77,0.0,30,measured
810.mp4,Day,104.24,0.0,30,measured
811.mp4,Day,103.99,0.0,30,measured
812.mp4,Night,32.94,100.0,30,measured
813.mp4,Day,139.79,0.0,30,measured
814.mp4,Day,121.0,0.0,30,measured
815.mp4,Day,134.87,0.0,30,measured
816.mp4,Day,82.3,0.0,30,measured
817.mp4,Night,28.59,100.0,30,measured
818.mp4,Day,100.16,0.0,30,measured
820.mp4,Day,80.89,0.0,30,measured
821.mp4,Day,99.96,0.0,30,measured
824.mp4,Day,94.93,0.0,30,measured
825.mp4,Day,128.16,0.0,30,measured
826.mp4,Day,88.36,0.0,30,measured
827.mp4,Day,137.43,0.0,30,measured
828.mp4,Day,91.74,0.0,30,measured
829.mp4,Day,121.89,0.0,30,measured
831.mp4,Day,91.99,0.0,30,measured
832.mp4,Day,75.67,0.0,30,measured
833.mp4,Day,112.66,0.0,30,measured
834.mp4,Day,85.11,0.0,30,measured
835.mp4,Day,85.11,0.0,30,measured
836.mp4,Day,69.0,0.0,30,measured
837.mp4,Day,98.11,0.0,30,measured
842.mp4,Day,94.5,0.0,30,measured
844.mp4,Day,111.31,0.0,30,measured
845.mp4,Day,82.68,0.0,30,measured
848.mp4,Day,92.05,0.0,30,measured
849.mp4,Day,88.55,0.0,30,measured
850.mp4,Day,102.95,0.0,30,measured
851.mp4,Day,96.26,0.0,30,measured
853.mp4,Day,98.28,0.0,30,measured
854.mp4,Day,130.65,0.0,30,measured
856.mp4,Day,89.61,0.0,30,measured
857.mp4,Day,75.63,0.0,30,measured
858.mp4,Day,106.19,0.0,30,measured
859.mp4,Day,101.09,0.0,30,measured
861.mp4,Day,120.43,0.0,30,measured
862.mp4,Day,110.19,0.0,30,measured
863.mp4,Day,102.99,0.0,30,measured
864.mp4,Day,97.51,0.0,30,measured
865.mp4,Day,142.17,0.0,30,measured
866.mp4,Day,108.71,0.0,30,measured
867.mp4,Day,92.23,0.0,30,measured
868.mp4,Day,98.44,0.0,30,measured
870.mp4,Day,90.86,0.0,30,measured
871.mp4,Day,122.39,0.0,30,measured
872.mp4,Day,140.03,0.0,30,measured
873.mp4,Day,90.47,0.0,30,measured
874.mp4,Day,104.6,0.0,30,measured
875.mp4,Day,144.53,0.0,30,measured
876.mp4,Day,126.61,0.0,30,measured
877.mp4,Day,105.91,0.0,30,measured
878.mp4,Day,76.09,0.0,30,measured
880.mp4,Day,106.55,0.0,30,measured
882.mp4,Day,83.76,0.0,30,measured
885.mp4,Day,126.32,0.0,30,measured
886.mp4,Day,72.54,0.0,30,measured
887.mp4,Day,87.75,0.0,30,measured
888.mp4,Day,68.67,0.0,30,measured
889.mp4,Day,100.79,0.0,30,measured
891.mp4,Day,90.93,0.0,30,measured
892.mp4,Day,141.31,0.0,30,measured
893.mp4,Day,105.85,0.0,30,measured
895.mp4,Day,138.55,0.0,30,measured
896.mp4,Day,108.98,0.0,30,measured
897.mp4,Day,110.15,0.0,30,measured
899.mp4,Day,87.74,0.0,30,measured
900.mp4,Day,91.34,0.0,30,measured
901.mp4,Day,110.81,0.0,30,measured
902.mp4,Day,139.2,0.0,30,measured
903.mp4,Day,65.24,0.0,30,measured
904.mp4,Day,108.11,0.0,30,measured
905.mp4,Day,103.93,0.0,30,measured
906.mp4,Day,97.19,0.0,30,measured
907.mp4,Day,100.87,0.0,30,measured
908.mp4,Day,138.13,0.0,30,measured
909.mp4,Day,63.85,0.0,30,measured
910.mp4,Day,129.85,0.0,30,measured
913.mp4,Day,95.08,0.0,30,measured
914.mp4,Day,109.92,0.0,30,measured
915.mp4,Day,87.88,3.33,30,measured
916.mp4,Day,105.6,0.0,30,measured
917.mp4,Day,104.78,0.0,30,measured
918.mp4,Day,107.11,0.0,30,measured
920.mp4,Day,107.82,0.0,30,measured
922.mp4,uncertain,0.0,0.0,0,measured
923.mp4,Day,101.52,0.0,30,measured
924.mp4,Day,96.21,0.0,30,measured
925.mp4,Day,80.31,0.0,30,measured
926.mp4,Day,77.32,0.0,30,measured
927.mp4,Day,133.15,0.0,30,measured
928.mp4,Day,89.16,0.0,30,measured
929.mp4,Day,89.98,0.0,30,measured
930.mp4,Day,83.63,3.33,30,measured
931.mp4,Day,105.13,0.0,30,measured
932.mp4,Day,82.65,0.0,30,measured
933.mp4,Day,91.57,0.0,30,measured
934.mp4,Day,90.66,0.0,30,measured
935.mp4,Day,121.02,0.0,30,measured
936.mp4,Day,89.97,0.0,30,measured
937.mp4,Day,95.66,0.0,30,measured
938.mp4,Day,95.78,0.0,30,measured
940.mp4,Day,71.62,0.0,30,measured
941.mp4,Day,85.44,0.0,30,measured
942.mp4,Day,99.81,0.0,30,measured
946.mp4,Day,131.64,0.0,30,measured
948.mp4,Day,79.53,0.0,30,measured
949.mp4,Day,100.57,0.0,30,measured
950.mp4,Evening/low-light,38.95,76.67,30,measured
951.mp4,Day,129.87,0.0,30,measured
952.mp4,Day,108.44,0.0,30,measured
953.mp4,Day,99.09,0.0,30,measured
954.mp4,Day,63.89,0.0,30,measured
957.mp4,Day,82.27,0.0,30,measured
958.mp4,Day,115.08,0.0,30,measured
959.mp4,Day,97.17,0.0,30,measured
962.mp4,Day,126.79,0.0,30,measured
965.mp4,Day,98.44,0.0,30,measured
966.mp4,Day,100.22,0.0,30,measured
967.mp4,Day,107.43,0.0,30,measured
968.mp4,Day,111.1,0.0,30,measured
970.mp4,Day,77.33,0.0,30,measured
972.mp4,Day,120.36,0.0,30,measured
974.mp4,Day,115.85,0.0,30,measured
975.mp4,Day,74.64,0.0,30,measured
976.mp4,Evening/low-light,50.72,23.33,30,measured
978.mp4,Day,90.63,0.0,30,measured
979.mp4,Day,99.27,0.0,30,measured
980.mp4,Day,94.77,0.0,30,measured
982.mp4,Day,97.74,0.0,30,measured
985.mp4,Day,98.57,0.0,30,measured
987.mp4,Day,104.95,0.0,30,measured
988.mp4,Day,147.97,0.0,30,measured
989.mp4,Day,87.45,0.0,30,measured
991.mp4,Day,93.76,0.0,30,measured
993.mp4,Evening/low-light,33.26,80.0,30,measured
994.mp4,Day,94.67,0.0,30,measured
995.mp4,Day,70.54,0.0,30,measured
997.mp4,Day,126.11,0.0,30,measured
998.mp4,Day,87.83,0.0,30,measured
999.mp4,Day,153.38,0.0,30,measured
1000.mp4,Day,118.78,0.0,30,measured
1003.mp4,Day,113.63,0.0,30,measured
1004.mp4,Day,72.99,3.33,30,measured
1005.mp4,Day,104.0,0.0,30,measured
1006.mp4,Day,103.82,0.0,30,measured
1008.mp4,Day,115.41,0.0,30,measured
1009.mp4,Day,86.17,0.0,30,measured
1011.mp4,Night,0.08,100.0,30,measured
1013.mp4,Day,173.48,0.0,30,measured
1016.mp4,Day,113.6,0.0,30,measured
1018.mp4,Day,135.07,0.0,30,measured
1020.mp4,Day,62.47,0.0,30,measured
1021.mp4,Day,132.89,0.0,30,measured
1022.mp4,Day,112.61,0.0,30,measured
1023.mp4,Day,118.89,0.0,30,measured
1024.mp4,Day,137.35,0.0,30,measured
1025.mp4,Day,116.86,0.0,30,measured
1026.mp4,Day,88.39,0.0,30,measured
1027.mp4,Day,85.61,0.0,30,measured
1028.mp4,Day,100.35,0.0,30,measured
1029.mp4,Day,107.63,0.0,30,measured
1032.mp4,Day,89.54,0.0,30,measured
1036.mp4,Day,147.32,0.0,30,measured
1037.mp4,Day,107.83,0.0,30,measured
1038.mp4,Day,117.32,0.0,30,measured
1039.mp4,Day,104.35,0.0,30,measured
1040.mp4,Day,138.03,0.0,30,measured
1044.mp4,Day,138.56,0.0,30,measured
1045.mp4,Day,124.09,0.0,30,measured
1046.mp4,Day,88.91,0.0,30,measured
1047.mp4,Day,82.46,0.0,30,measured
1050.mp4,Day,105.63,0.0,30,measured
1051.mp4,Day,122.19,0.0,30,measured
1052.mp4,Day,119.44,0.0,30,measured
1054.mp4,Day,121.31,0.0,30,measured
1056.mp4,Day,102.74,0.0,30,measured
1058.mp4,Day,94.39,0.0,30,measured
1059.mp4,Day,108.29,0.0,30,measured
1060.mp4,Day,93.74,0.0,30,measured
1064.mp4,Day,100.35,0.0,30,measured
1065.mp4,Evening/low-light,45.3,56.67,30,measured
1066.mp4,Day,89.34,0.0,30,measured
1067.mp4,Day,127.94,0.0,30,measured
1068.mp4,Day,111.8,0.0,30,measured
1069.mp4,Day,83.24,0.0,30,measured
1071.mp4,Day,116.32,0.0,30,measured
1072.mp4,Day,105.86,0.0,30,measured
1075.mp4,Day,73.81,0.0,30,measured
1076.mp4,Day,111.69,0.0,30,measured
1077.mp4,Day,102.38,0.0,30,measured
1078.mp4,Day,132.99,0.0,30,measured
1079.mp4,Day,116.58,0.0,30,measured
1080.mp4,Evening/low-light,49.22,33.33,30,measured
1081.mp4,Day,116.92,0.0,30,measured
1082.mp4,Day,88.03,0.0,30,measured
1084.mp4,Day,83.74,0.0,30,measured
1086.mp4,Day,119.95,0.0,30,measured
1087.mp4,Day,117.35,0.0,30,measured
1090.mp4,Day,102.3,0.0,30,measured
1091.mp4,Day,85.44,0.0,30,measured
1092.mp4,Day,93.78,0.0,30,measured
1093.mp4,Day,105.88,0.0,30,measured
1094.mp4,Day,112.27,0.0,30,measured
1095.mp4,Day,114.24,0.0,30,measured
1096.mp4,Day,98.35,0.0,30,measured
1099.mp4,Day,67.93,0.0,30,measured
1100.mp4,Day,113.75,0.0,30,measured
1102.mp4,Day,99.45,0.0,30,measured
1104.mp4,Day,98.16,0.0,30,measured
1105.mp4,Day,67.13,0.0,30,measured
1106.mp4,Day,117.87,0.0,30,measured
1108.mp4,Day,121.43,0.0,30,measured
1111.mp4,Day,138.86,0.0,30,measured
1112.mp4,Day,98.85,0.0,30,measured
1114.mp4,Day,89.27,0.0,30,measured
1115.mp4,Day,95.09,0.0,30,measured
1116.mp4,Day,127.6,0.0,30,measured
1117.mp4,Day,123.86,0.0,30,measured
1119.mp4,Day,71.6,0.0,30,measured
1120.mp4,Day,97.23,0.0,30,measured
1121.mp4,Day,149.18,0.0,30,measured
1122.mp4,Day,140.07,0.0,30,measured
1123.mp4,Day,123.89,0.0,30,measured
1124.mp4,Day,143.16,0.0,30,measured
1125.mp4,Day,107.18,0.0,30,measured
1126.mp4,Day,126.23,0.0,30,measured
1127.mp4,Day,141.57,0.0,30,measured
1128.mp4,Day,81.55,0.0,30,measured
1129.mp4,Day,123.17,0.0,30,measured
1130.mp4,Day,120.39,0.0,30,measured
1131.mp4,Day,112.71,0.0,30,measured
1132.mp4,Day,115.55,0.0,30,measured
1133.mp4,Day,72.75,0.0,30,measured
1134.mp4,Day,121.82,0.0,30,measured
1135.mp4,Day,133.59,0.0,30,measured
1136.mp4,Day,95.73,0.0,30,measured
1137.mp4,Day,123.06,0.0,30,measured
1138.mp4,Day,74.77,0.0,30,measured
1141.mp4,Day,86.01,0.0,30,measured
1142.mp4,Day,76.09,0.0,30,measured
1145.mp4,Day,72.34,0.0,30,measured
1146.mp4,Day,138.75,0.0,30,measured
1149.mp4,Day,87.55,0.0,30,measured
1150.mp4,Day,115.14,0.0,30,measured
1151.mp4,Day,75.63,0.0,30,measured
1152.mp4,Day,89.42,0.0,30,measured
1153.mp4,Day,94.17,0.0,30,measured
1154.mp4,Day,141.89,0.0,30,measured
1155.mp4,Day,127.04,0.0,30,measured
1156.mp4,Day,96.02,0.0,30,measured
1157.mp4,Day,134.14,0.0,30,measured
1158.mp4,Day,97.88,0.0,30,measured
1159.mp4,Day,136.07,0.0,30,measured
1160.mp4,Day,121.76,0.0,30,measured
1161.mp4,Day,139.76,0.0,30,measured
1162.mp4,Day,103.4,0.0,30,measured
1163.mp4,Day,116.28,0.0,30,measured
1165.mp4,Day,83.05,0.0,30,measured
1167.mp4,Day,100.05,0.0,30,measured
1168.mp4,Day,70.65,0.0,30,measured
1169.mp4,Day,149.23,0.0,30,measured
1171.mp4,Day,113.49,0.0,30,measured
1173.mp4,Day,91.32,0.0,30,measured
1175.mp4,Day,75.85,0.0,30,measured
1176.mp4,Day,98.58,0.0,30,measured
1178.mp4,Day,116.58,0.0,30,measured
1180.mp4,Day,116.03,0.0,30,measured
1181.mp4,Day,88.21,0.0,30,measured
1182.mp4,Day,100.38,0.0,30,measured
1184.mp4,Day,139.5,0.0,30,measured
1185.mp4,Day,114.01,0.0,30,measured
1186.mp4,Day,149.14,0.0,30,measured
1188.mp4,Day,135.86,0.0,30,measured
1189.mp4,Day,152.63,0.0,30,measured
1191.mp4,Evening/low-light,41.03,56.67,30,measured
1193.mp4,Day,152.86,0.0,30,measured
1197.mp4,Day,110.48,0.0,30,measured
1199.mp4,Day,126.39,0.0,30,measured
1200.mp4,Day,78.28,0.0,30,measured
1202.mp4,Day,139.94,0.0,30,measured
1203.mp4,Day,103.3,0.0,30,measured
1208.mp4,Day,143.03,0.0,30,measured
1209.mp4,Day,100.49,0.0,30,measured
1212.mp4,Day,96.09,0.0,30,measured
1213.mp4,Day,148.26,0.0,30,measured
1214.mp4,Day,145.24,0.0,30,measured
1215.mp4,Day,99.89,0.0,30,measured
1216.mp4,Day,125.2,0.0,30,measured
1217.mp4,Day,78.45,0.0,30,measured
1218.mp4,Day,97.66,0.0,30,measured
1219.mp4,Day,99.55,0.0,30,measured
1220.mp4,Day,126.04,0.0,30,measured
1221.mp4,Day,104.65,0.0,30,measured
1224.mp4,Day,105.57,0.0,30,measured
1225.mp4,Day,110.16,0.0,30,measured
1226.mp4,Day,130.74,0.0,30,measured
1227.mp4,Day,84.55,0.0,30,measured
1228.mp4,Day,128.77,0.0,30,measured
1229.mp4,Day,88.98,0.0,30,measured
1230.mp4,Day,126.06,0.0,30,measured
1232.mp4,Day,98.24,0.0,30,measured
1233.mp4,Day,104.85,3.33,30,measured
1234.mp4,Day,119.0,0.0,30,measured
1235.mp4,Day,95.41,0.0,30,measured
1236.mp4,Day,101.15,0.0,30,measured
1237.mp4,Day,129.48,0.0,30,measured
1238.mp4,Day,91.02,0.0,30,measured
1243.mp4,Day,98.02,0.0,30,measured
1244.mp4,Day,104.39,0.0,30,measured
1245.mp4,Day,121.52,0.0,30,measured
1246.mp4,Day,131.23,0.0,30,measured
1247.mp4,Day,93.46,0.0,30,measured
1249.mp4,Day,100.27,0.0,30,measured
1250.mp4,Day,75.24,0.0,30,measured
1251.mp4,Day,107.76,0.0,30,measured
1252.mp4,Day,125.32,0.0,30,measured
1253.mp4,Day,106.23,0.0,30,measured
1255.mp4,Day,91.44,0.0,30,measured
1256.mp4,Day,106.13,0.0,30,measured
1257.mp4,Day,123.83,0.0,30,measured
1258.mp4,Day,96.57,0.0,30,measured
1259.mp4,Day,105.09,0.0,30,measured
1260.mp4,Day,115.27,0.0,30,measured
1261.mp4,Day,119.39,0.0,30,measured
1263.mp4,Day,102.25,0.0,30,measured
1264.mp4,Day,102.13,0.0,30,measured
1265.mp4,Day,122.58,0.0,30,measured
1266.mp4,Day,101.44,0.0,30,measured
1268.mp4,Day,90.49,0.0,30,measured
1269.mp4,Day,128.07,0.0,30,measured
1270.mp4,Day,103.99,0.0,30,measured
1271.mp4,Day,98.0,0.0,30,measured
1272.mp4,Day,103.66,0.0,30,measured
1273.mp4,Day,138.59,0.0,30,measured
1274.mp4,Day,87.66,0.0,30,measured
1276.mp4,Day,132.05,0.0,30,measured
1277.mp4,Day,92.75,0.0,30,measured
1279.mp4,Day,110.21,0.0,30,measured
1281.mp4,Day,92.71,0.0,30,measured
1284.mp4,Day,86.01,0.0,30,measured
1285.mp4,Day,103.12,0.0,30,measured
1287.mp4,Day,86.18,0.0,30,measured
1289.mp4,Day,146.35,0.0,30,measured
1291.mp4,Day,105.88,0.0,30,measured
1293.mp4,Day,101.91,0.0,30,measured
1295.mp4,Day,117.08,0.0,30,measured
1297.mp4,Day,109.28,0.0,30,measured
1298.mp4,Day,88.11,0.0,30,measured
1299.mp4,Day,92.92,0.0,30,measured
1300.mp4,Day,88.16,0.0,30,measured
1301.mp4,Day,84.71,0.0,30,measured
1302.mp4,Day,103.87,0.0,30,measured
1303.mp4,Day,78.73,0.0,30,measured
1304.mp4,Day,83.01,0.0,30,measured
1305.mp4,Day,76.64,0.0,30,measured
1306.mp4,Day,123.2,0.0,30,measured
1307.mp4,Day,137.38,0.0,30,measured
1308.mp4,Day,100.44,0.0,30,measured
1309.mp4,Day,126.99,0.0,30,measured
1310.mp4,Day,140.15,0.0,30,measured
1311.mp4,Day,126.55,0.0,30,measured
1312.mp4,Day,91.02,0.0,30,measured
1313.mp4,Day,96.23,0.0,30,measured
1314.mp4,Day,95.21,0.0,30,measured
1316.mp4,Day,103.95,0.0,30,measured
1319.mp4,Day,103.44,0.0,30,measured
1320.mp4,Day,101.9,0.0,30,measured
1323.mp4,Day,115.25,0.0,30,measured
1324.mp4,Day,108.62,0.0,30,measured
1326.mp4,Day,106.61,0.0,30,measured
1327.mp4,Day,102.71,0.0,30,measured
1329.mp4,Day,72.68,0.0,30,measured
1330.mp4,Day,85.65,0.0,30,measured
1332.mp4,Day,114.27,0.0,30,measured
1333.mp4,Day,71.95,0.0,30,measured
1335.mp4,Day,59.14,0.0,30,measured
1336.mp4,Day,109.98,0.0,30,measured
1337.mp4,Day,68.33,0.0,30,measured
1339.mp4,Day,99.83,0.0,30,measured
1341.mp4,Day,117.19,0.0,30,measured
1342.mp4,Day,129.95,0.0,30,measured
1343.mp4,Day,74.77,0.0,30,measured
1344.mp4,Day,102.91,0.0,30,measured
1346.mp4,Day,83.54,0.0,30,measured
1347.mp4,Day,118.08,0.0,30,measured
1348.mp4,Evening/low-light,42.26,60.0,30,measured
1351.mp4,Day,74.13,0.0,30,measured
1352.mp4,Day,86.97,0.0,30,measured
1353.mp4,Day,108.91,0.0,30,measured
1354.mp4,Day,149.14,0.0,30,measured
1355.mp4,Night,25.39,100.0,30,measured
1356.mp4,Day,70.34,0.0,30,measured
1357.mp4,Day,82.67,0.0,30,measured
1358.mp4,Day,138.82,0.0,30,measured
1359.mp4,Day,92.8,0.0,30,measured
1360.mp4,Day,69.81,0.0,30,measured
1361.mp4,Day,90.72,0.0,30,measured
1362.mp4,Day,92.3,0.0,30,measured
1366.mp4,Day,89.81,0.0,30,measured
1367.mp4,Day,81.99,0.0,30,measured
1368.mp4,Night,38.82,100.0,30,measured
1370.mp4,Day,134.85,0.0,30,measured
1371.mp4,Day,123.27,0.0,30,measured
1374.mp4,Day,97.03,0.0,30,measured
1375.mp4,Day,106.18,0.0,30,measured
1378.mp4,Day,74.48,0.0,30,measured
1379.mp4,Day,92.57,0.0,30,measured
1380.mp4,Day,78.04,0.0,30,measured
1381.mp4,Day,129.04,0.0,30,measured
1383.mp4,Day,86.72,0.0,30,measured
1385.mp4,Day,121.25,0.0,30,measured
1386.mp4,Day,110.52,0.0,30,measured
1387.mp4,Day,112.81,0.0,30,measured
1388.mp4,Day,103.19,0.0,30,measured
1390.mp4,Day,110.36,0.0,30,measured
1391.mp4,Day,135.93,0.0,30,measured
1392.mp4,Day,104.57,0.0,30,measured
1393.mp4,Day,101.93,0.0,30,measured
1395.mp4,Day,92.13,0.0,30,measured
1396.mp4,Day,124.35,0.0,30,measured
1397.mp4,Day,105.53,0.0,30,measured
1398.mp4,Day,122.85,0.0,30,measured
1399.mp4,Day,90.62,0.0,30,measured
1401.mp4,Day,103.02,0.0,30,measured
1402.mp4,Day,93.12,0.0,30,measured
1403.mp4,Day,124.04,0.0,30,measured
1404.mp4,Day,83.7,0.0,30,measured
1405.mp4,Day,109.91,0.0,30,measured
1406.mp4,Day,118.55,0.0,30,measured
1407.mp4,Day,106.23,0.0,30,measured
1408.mp4,Day,111.77,0.0,30,measured
1409.mp4,Day,106.67,0.0,30,measured
1410.mp4,Day,115.85,0.0,30,measured
1411.mp4,Day,110.75,0.0,30,measured
1414.mp4,Day,112.5,0.0,30,measured
1415.mp4,Day,110.62,0.0,30,measured
1416.mp4,Day,97.4,0.0,30,measured
1417.mp4,Day,100.93,0.0,30,measured
1418.mp4,Day,102.62,0.0,30,measured
1420.mp4,Day,115.83,0.0,30,measured
1422.mp4,Day,122.3,0.0,30,measured
1424.mp4,Day,85.89,0.0,30,measured
1425.mp4,Day,117.22,0.0,30,measured
1426.mp4,Day,93.63,0.0,30,measured
1428.mp4,Day,123.26,0.0,30,measured
1429.mp4,Day,97.1,0.0,30,measured
1430.mp4,Day,91.58,0.0,30,measured
1432.mp4,Day,76.91,0.0,30,measured
1433.mp4,Day,106.21,0.0,30,measured
1434.mp4,Day,103.26,0.0,30,measured
1435.mp4,Day,151.01,0.0,30,measured
1436.mp4,Day,125.54,0.0,30,measured
1440.mp4,Day,100.36,0.0,30,measured
1441.mp4,Day,132.2,0.0,30,measured
1442.mp4,Day,100.88,0.0,30,measured
1443.mp4,Day,113.03,0.0,30,measured
1444.mp4,Day,75.21,0.0,30,measured
1447.mp4,Day,99.5,0.0,30,measured
1448.mp4,Day,125.06,0.0,30,measured
1449.mp4,Day,130.57,0.0,30,measured
1451.mp4,Evening/low-light,55.22,16.67,30,measured
1452.mp4,Day,131.82,0.0,30,measured
1454.mp4,Day,86.42,0.0,30,measured
1455.mp4,Day,120.45,0.0,30,measured
1457.mp4,Day,115.79,0.0,30,measured
1458.mp4,Day,111.15,0.0,30,measured
1459.mp4,Day,93.94,0.0,30,measured
1460.mp4,Day,105.69,0.0,30,measured
1461.mp4,Day,108.03,0.0,30,measured
1462.mp4,Day,86.51,0.0,30,measured
1464.mp4,Day,105.45,0.0,30,measured
1466.mp4,Day,68.3,0.0,30,measured
1467.mp4,Day,117.45,0.0,30,measured
1468.mp4,Day,92.98,0.0,30,measured
1469.mp4,Day,81.03,0.0,30,measured
1470.mp4,Day,115.22,0.0,30,measured
1471.mp4,Day,91.99,0.0,30,measured
1472.mp4,Day,98.48,0.0,30,measured
1473.mp4,Day,130.18,0.0,30,measured
1475.mp4,Day,87.18,0.0,30,measured
1477.mp4,Day,105.48,0.0,30,measured
1480.mp4,Day,121.36,0.0,30,measured
1482.mp4,Day,99.36,0.0,30,measured
1483.mp4,Day,86.98,0.0,30,measured
1484.mp4,Day,127.09,0.0,30,measured
1487.mp4,Day,95.08,0.0,30,measured
1489.mp4,Day,80.13,0.0,30,measured
1490.mp4,Day,120.84,0.0,30,measured
1492.mp4,Day,109.19,0.0,30,measured
1494.mp4,Day,91.15,0.0,30,measured
1497.mp4,Day,98.64,0.0,30,measured
1498.mp4,Evening/low-light,44.37,43.33,30,measured
1499.mp4,Day,96.22,0.0,30,measured
1500.mp4,Day,101.33,0.0,30,measured
1502.mp4,Day,90.86,0.0,30,measured
1504.mp4,Day,67.1,0.0,30,measured
1505.mp4,Day,96.18,0.0,30,measured
1506.mp4,Day,99.9,0.0,30,measured
1507.mp4,Day,109.83,0.0,30,measured
1510.mp4,Day,107.04,0.0,30,measured
1511.mp4,Day,86.33,0.0,30,measured
1512.mp4,Day,83.64,0.0,30,measured
1513.mp4,Day,90.23,0.0,30,measured
1515.mp4,Day,134.09,0.0,30,measured
1516.mp4,Day,84.93,0.0,30,measured
1518.mp4,Day,115.31,0.0,30,measured
1519.mp4,Day,75.04,0.0,30,measured
1520.mp4,Day,90.81,0.0,30,measured
1521.mp4,Day,87.7,0.0,30,measured
1522.mp4,Day,89.64,0.0,30,measured
1523.mp4,Day,73.28,0.0,30,measured
1525.mp4,Day,96.41,0.0,30,measured
1527.mp4,Day,98.45,0.0,30,measured
1528.mp4,Day,121.46,0.0,30,measured
1529.mp4,Day,93.49,0.0,30,measured
1530.mp4,Day,148.67,0.0,30,measured
1531.mp4,uncertain,32.59,86.67,30,measured
1532.mp4,Day,125.04,0.0,30,measured
1533.mp4,Day,100.63,0.0,30,measured
1535.mp4,Day,84.85,3.33,30,measured
1536.mp4,Day,100.24,0.0,30,measured
1537.mp4,Day,72.99,0.0,30,measured
1538.mp4,Day,78.62,0.0,30,measured
1539.mp4,Day,94.92,0.0,30,measured
1540.mp4,Day,107.17,0.0,30,measured
1541.mp4,Day,112.67,0.0,30,measured
1542.mp4,Day,116.85,0.0,30,measured
1543.mp4,Day,136.51,0.0,30,measured
1544.mp4,Day,161.07,0.0,30,measured
1545.mp4,Day,91.61,0.0,30,measured
1547.mp4,Day,132.62,0.0,30,measured
1549.mp4,Day,131.84,0.0,30,measured
1550.mp4,Day,101.38,0.0,30,measured
1551.mp4,Day,139.01,0.0,30,measured
1552.mp4,Day,131.39,0.0,30,measured
1553.mp4,Day,104.53,0.0,30,measured
1554.mp4,Day,126.06,0.0,30,measured
1555.mp4,Day,123.05,0.0,30,measured
1556.mp4,Day,120.3,0.0,30,measured
1559.mp4,Day,78.91,0.0,30,measured
1561.mp4,Day,122.67,0.0,30,measured
1562.mp4,Day,67.01,0.0,30,measured
1565.mp4,Day,111.4,0.0,30,measured
1566.mp4,Day,120.95,0.0,30,measured
1567.mp4,Day,88.89,0.0,30,measured
1569.mp4,Day,138.38,0.0,30,measured
1571.mp4,Day,98.29,0.0,30,measured
1572.mp4,Day,62.34,0.0,30,measured
1575.mp4,Day,84.23,0.0,30,measured
1576.mp4,Day,134.91,0.0,30,measured
1578.mp4,Day,117.05,0.0,30,measured
1579.mp4,Day,125.61,0.0,30,measured
1582.mp4,Day,88.02,0.0,30,measured
1584.mp4,Day,89.43,0.0,30,measured
1585.mp4,Day,148.58,0.0,30,measured
1586.mp4,Day,130.72,0.0,30,measured
1587.mp4,Day,106.33,0.0,30,measured
1588.mp4,Day,122.28,0.0,30,measured
1589.mp4,Day,114.49,0.0,30,measured
1590.mp4,Day,92.34,0.0,30,measured
1592.mp4,Day,121.17,0.0,30,measured
1593.mp4,Day,89.3,0.0,30,measured
1594.mp4,Day,125.58,0.0,30,measured
1596.mp4,Day,140.17,0.0,30,measured
1598.mp4,Day,137.78,0.0,30,measured
1600.mp4,Day,119.78,0.0,30,measured
1601.mp4,Day,99.34,0.0,30,measured
1602.mp4,Day,86.42,0.0,30,measured
1603.mp4,Day,90.9,0.0,30,measured
1604.mp4,Day,122.41,0.0,30,measured
1605.mp4,Day,99.19,0.0,30,measured
1606.mp4,Day,95.29,0.0,30,measured
1607.mp4,Day,86.38,0.0,30,measured
1609.mp4,Day,84.56,0.0,30,measured
1610.mp4,Day,74.97,0.0,30,measured
1611.mp4,Day,65.92,0.0,30,measured
1612.mp4,Day,122.68,0.0,30,measured
1614.mp4,Day,116.25,0.0,30,measured
1615.mp4,Day,91.04,0.0,30,measured
1617.mp4,Day,113.46,0.0,30,measured
1618.mp4,Day,109.09,0.0,30,measured
1620.mp4,Day,91.89,0.0,30,measured
1622.mp4,Day,86.55,0.0,30,measured
1623.mp4,Day,111.76,0.0,30,measured
1624.mp4,Day,117.89,0.0,30,measured
1625.mp4,Day,122.67,0.0,30,measured
1627.mp4,Day,138.51,0.0,30,measured
1629.mp4,Day,137.42,0.0,30,measured
1630.mp4,Day,100.76,0.0,30,measured
1632.mp4,Day,104.28,0.0,30,measured
1634.mp4,Day,94.81,0.0,30,measured
1635.mp4,Day,105.16,0.0,30,measured
1638.mp4,Day,124.48,0.0,30,measured
1639.mp4,Day,80.96,0.0,30,measured
1640.mp4,Day,99.7,0.0,30,measured
1641.mp4,Day,109.08,0.0,30,measured
1642.mp4,Day,158.95,0.0,30,measured
1643.mp4,Day,139.85,0.0,30,measured
1647.mp4,Day,111.33,0.0,30,measured
1648.mp4,Day,94.65,0.0,30,measured
1649.mp4,Day,104.66,0.0,30,measured
1650.mp4,Day,119.04,0.0,30,measured
1652.mp4,Day,101.67,0.0,30,measured
1653.mp4,Day,101.34,0.0,30,measured
1654.mp4,Day,119.96,0.0,30,measured
1656.mp4,Day,93.45,0.0,30,measured
1657.mp4,Day,85.57,0.0,30,measured
1658.mp4,Day,129.91,0.0,30,measured
1659.mp4,Day,110.04,0.0,30,measured
1660.mp4,Day,65.33,0.0,30,measured
1663.mp4,Day,123.05,0.0,30,measured
1664.mp4,Day,140.02,0.0,30,measured
1665.mp4,Day,91.65,0.0,30,measured
1666.mp4,Day,95.09,0.0,30,measured
1667.mp4,Day,111.61,0.0,30,measured
1668.mp4,Day,122.56,0.0,30,measured
1669.mp4,Day,109.3,0.0,30,measured
1672.mp4,Day,104.94,0.0,30,measured
1674.mp4,Day,136.52,0.0,30,measured
1675.mp4,Day,112.11,0.0,30,measured
1677.mp4,Day,111.54,0.0,30,measured
1678.mp4,Day,104.57,0.0,30,measured
1679.mp4,Day,103.98,0.0,30,measured
1680.mp4,Day,77.57,0.0,30,measured
1684.mp4,Day,160.03,0.0,30,measured
1685.mp4,Day,107.61,0.0,30,measured
1687.mp4,Day,80.9,0.0,30,measured
1688.mp4,Day,83.04,0.0,30,measured
1690.mp4,Day,122.61,0.0,30,measured
1691.mp4,Day,96.02,0.0,30,measured
1693.mp4,Day,131.66,0.0,30,measured
1695.mp4,Evening/low-light,52.62,43.33,30,measured
1696.mp4,Day,81.66,0.0,30,measured
1698.mp4,Day,136.65,0.0,30,measured
1700.mp4,Day,123.37,0.0,30,measured
1701.mp4,Day,127.4,0.0,30,measured
1704.mp4,Day,91.25,0.0,30,measured
1705.mp4,Day,166.49,0.0,30,measured
1707.mp4,Day,123.58,0.0,30,measured
1708.mp4,Day,105.99,0.0,30,measured
1709.mp4,Day,90.63,0.0,30,measured
1711.mp4,Day,119.56,0.0,30,measured
1712.mp4,Day,114.9,0.0,30,measured
1713.mp4,Day,122.68,0.0,30,measured
1714.mp4,Day,102.22,0.0,30,measured
1715.mp4,Day,129.57,0.0,30,measured
1718.mp4,Day,107.1,0.0,30,measured
1720.mp4,Day,146.55,0.0,30,measured
1721.mp4,Day,102.73,0.0,30,measured
1722.mp4,Day,93.98,0.0,30,measured
1725.mp4,Day,129.75,0.0,30,measured
1726.mp4,Day,77.78,0.0,30,measured
1728.mp4,Day,108.23,0.0,30,measured
1729.mp4,Day,100.96,0.0,30,measured
1730.mp4,Day,119.38,0.0,30,measured
1732.mp4,Day,80.88,0.0,30,measured
1733.mp4,Day,79.19,0.0,30,measured
1734.mp4,Day,115.11,0.0,30,measured
1735.mp4,Day,103.79,0.0,30,measured
1736.mp4,Day,113.12,0.0,30,measured
1737.mp4,Day,123.61,0.0,30,measured
1738.mp4,Day,91.89,0.0,30,measured
1739.mp4,Day,98.53,0.0,30,measured
1741.mp4,Day,131.36,0.0,30,measured
1744.mp4,Day,154.55,0.0,30,measured
1746.mp4,Day,115.58,0.0,30,measured
1747.mp4,Day,103.71,0.0,30,measured
1748.mp4,Day,87.78,0.0,30,measured
1752.mp4,Day,88.87,0.0,30,measured
1753.mp4,Day,108.17,0.0,30,measured
1754.mp4,Day,93.82,0.0,30,measured
1755.mp4,Day,123.85,0.0,30,measured
1756.mp4,Day,110.24,0.0,30,measured
1760.mp4,Evening/low-light,38.72,80.0,30,measured
1761.mp4,Day,97.27,0.0,30,measured
1764.mp4,Day,130.01,0.0,30,measured
1765.mp4,Day,103.03,0.0,30,measured
1767.mp4,Day,103.64,0.0,30,measured
1768.mp4,Day,85.12,0.0,30,measured
1769.mp4,Day,85.92,0.0,30,measured
1770.mp4,Day,98.23,0.0,30,measured
1771.mp4,Day,139.4,0.0,30,measured
1772.mp4,Day,84.62,0.0,30,measured
1773.mp4,Day,120.63,0.0,30,measured
1776.mp4,Day,88.88,0.0,30,measured
1777.mp4,Day,122.09,0.0,30,measured
1778.mp4,Day,113.44,0.0,30,measured
1779.mp4,Day,98.77,0.0,30,measured
1780.mp4,Day,125.06,0.0,30,measured
1782.mp4,Day,114.46,0.0,30,measured
1783.mp4,Day,128.5,0.0,30,measured
1784.mp4,Day,126.58,0.0,30,measured
1786.mp4,Day,110.28,0.0,30,measured
1787.mp4,Evening/low-light,44.19,43.33,30,measured
1788.mp4,Day,88.41,0.0,30,measured
1791.mp4,Day,108.64,0.0,30,measured
1792.mp4,Day,92.89,0.0,30,measured
1793.mp4,Day,110.91,0.0,30,measured
1796.mp4,Day,77.53,0.0,30,measured
1797.mp4,Day,139.46,0.0,30,measured
1799.mp4,Evening/low-light,51.24,16.67,30,measured
1800.mp4,Day,131.13,0.0,30,measured
1801.mp4,Day,86.37,0.0,30,measured
1802.mp4,Day,134.76,0.0,30,measured
1803.mp4,Day,87.92,0.0,30,measured
1804.mp4,Day,119.59,0.0,30,measured
1805.mp4,Day,136.82,0.0,30,measured
1806.mp4,Day,95.44,0.0,30,measured
1807.mp4,Day,117.54,0.0,30,measured
1808.mp4,Day,95.55,0.0,30,measured
1810.mp4,Day,105.19,0.0,30,measured
1811.mp4,Day,119.48,0.0,30,measured
1812.mp4,Day,145.94,0.0,30,measured
1813.mp4,Night,32.93,100.0,30,measured
1815.mp4,Day,109.07,0.0,30,measured
1816.mp4,Day,116.27,0.0,30,measured
1817.mp4,Day,104.91,0.0,30,measured
1818.mp4,Day,91.0,0.0,30,measured
1819.mp4,Day,95.37,0.0,30,measured
1820.mp4,Day,114.07,0.0,30,measured
1821.mp4,Day,72.06,0.0,30,measured
1822.mp4,Day,108.75,0.0,30,measured
1823.mp4,Day,81.05,0.0,30,measured
1824.mp4,Day,130.62,0.0,30,measured
1826.mp4,Day,108.32,0.0,30,measured
1827.mp4,Day,120.45,0.0,30,measured
1829.mp4,Day,85.87,0.0,30,measured
1830.mp4,Day,107.77,0.0,30,measured
1831.mp4,Day,108.37,0.0,30,measured
1832.mp4,Day,100.81,0.0,30,measured
1833.mp4,Day,75.46,0.0,30,measured
1834.mp4,Day,60.09,0.0,30,measured
1835.mp4,Day,104.95,0.0,30,measured
1836.mp4,Day,111.16,0.0,30,measured
1837.mp4,Day,82.66,0.0,30,measured
1838.mp4,Day,78.17,0.0,30,measured
1840.mp4,Day,128.74,0.0,30,measured
1841.mp4,Day,125.57,0.0,30,measured
1842.mp4,Day,101.31,0.0,30,measured
1843.mp4,Day,104.97,0.0,30,measured
1844.mp4,Day,96.12,0.0,30,measured
1845.mp4,Day,119.3,0.0,30,measured
1847.mp4,Evening/low-light,43.04,60.0,30,measured
1848.mp4,Day,102.43,0.0,30,measured
1851.mp4,Day,124.49,0.0,30,measured
1852.mp4,Day,85.61,0.0,30,measured
1853.mp4,Day,80.1,0.0,30,measured
1854.mp4,Day,115.14,0.0,30,measured
1857.mp4,Day,99.67,0.0,30,measured
1858.mp4,Day,80.86,0.0,30,measured
1859.mp4,Day,105.7,0.0,30,measured
1862.mp4,Day,91.54,0.0,30,measured
1863.mp4,Day,87.33,0.0,30,measured
1864.mp4,Day,78.05,0.0,30,measured
1865.mp4,Day,89.6,0.0,30,measured
1866.mp4,Day,98.28,0.0,30,measured
1867.mp4,Day,109.53,0.0,30,measured
1868.mp4,Day,106.59,0.0,30,measured
1869.mp4,Night,28.52,100.0,30,measured
1870.mp4,Night,29.07,100.0,30,measured
1872.mp4,Day,149.15,0.0,30,measured
1874.mp4,Day,122.72,0.0,30,measured
1875.mp4,Day,90.3,0.0,30,measured
1876.mp4,Day,83.36,0.0,30,measured
1880.mp4,Day,68.8,0.0,30,measured
1882.mp4,Day,102.83,3.33,30,measured
1883.mp4,Day,135.91,0.0,30,measured
1884.mp4,Day,95.22,0.0,30,measured
1885.mp4,Day,73.38,0.0,30,measured
1886.mp4,Day,120.21,0.0,30,measured
1888.mp4,Day,95.1,0.0,30,measured
1889.mp4,Day,108.75,0.0,30,measured
1891.mp4,Day,56.16,0.0,30,measured
1892.mp4,Day,89.91,0.0,30,measured
1893.mp4,Day,59.9,0.0,30,measured
1894.mp4,Day,90.31,0.0,30,measured
1896.mp4,Day,131.58,0.0,30,measured
1899.mp4,Night,36.15,96.67,30,measured
1900.mp4,Day,102.29,0.0,30,measured
1903.mp4,Day,101.63,0.0,30,measured
1905.mp4,Night,20.28,100.0,30,measured
1906.mp4,Day,102.17,0.0,30,measured
1907.mp4,Day,134.24,0.0,30,measured
1910.mp4,Day,70.77,0.0,30,measured
1911.mp4,Day,102.56,0.0,30,measured
1912.mp4,Day,75.16,0.0,30,measured
1913.mp4,Day,87.15,0.0,30,measured
1915.mp4,Day,73.56,0.0,30,measured
1916.mp4,Day,127.06,0.0,30,measured
1917.mp4,Day,121.91,0.0,30,measured
1918.mp4,Night,23.14,96.67,30,measured
1919.mp4,Day,147.77,0.0,30,measured
1920.mp4,Day,105.47,0.0,30,measured
1921.mp4,Day,79.96,0.0,30,measured
1922.mp4,Day,58.45,0.0,30,measured
1924.mp4,Day,97.97,0.0,30,measured
1925.mp4,uncertain,106.07,10.0,30,measured
1927.mp4,Day,95.5,0.0,30,measured
1928.mp4,Day,116.41,0.0,30,measured
1930.mp4,Day,118.48,0.0,30,measured
1932.mp4,Day,89.48,0.0,30,measured
1933.mp4,Day,83.98,0.0,30,measured
1935.mp4,Day,77.46,0.0,30,measured
1936.mp4,Day,107.48,0.0,30,measured
1938.mp4,Day,132.65,0.0,30,measured
1939.mp4,Day,130.26,0.0,30,measured
1941.mp4,Day,83.35,0.0,30,measured
1942.mp4,Day,58.93,0.0,30,measured
1943.mp4,Day,103.69,0.0,30,measured
1944.mp4,Day,107.05,0.0,30,measured
1945.mp4,Day,89.46,0.0,30,measured
1946.mp4,Day,94.62,0.0,30,measured
1948.mp4,Day,138.93,0.0,30,measured
1950.mp4,Day,111.75,0.0,30,measured
1951.mp4,Day,117.16,0.0,30,measured
1952.mp4,Day,142.71,0.0,30,measured
1953.mp4,Day,100.45,0.0,30,measured
1954.mp4,Day,97.83,0.0,30,measured
1955.mp4,Day,111.8,0.0,30,measured
1956.mp4,Day,86.12,0.0,30,measured
1957.mp4,Day,99.02,0.0,30,measured
1958.mp4,Day,133.0,0.0,30,measured
1959.mp4,Day,137.62,0.0,30,measured
1960.mp4,Day,104.46,0.0,30,measured
1961.mp4,Day,68.5,0.0,30,measured
1962.mp4,Day,114.01,0.0,30,measured
1963.mp4,Day,101.7,0.0,30,measured
1964.mp4,Day,157.19,0.0,30,measured
1965.mp4,Day,77.08,0.0,30,measured
1966.mp4,Day,66.35,0.0,30,measured
1967.mp4,Day,124.91,0.0,30,measured
1968.mp4,Day,95.02,0.0,30,measured
1969.mp4,Day,107.29,0.0,30,measured
1970.mp4,Day,90.33,0.0,30,measured
1972.mp4,Day,102.57,0.0,30,measured
1975.mp4,Day,89.64,0.0,30,measured
1978.mp4,Day,96.08,0.0,30,measured
1979.mp4,Day,122.19,0.0,30,measured
1980.mp4,Day,135.83,0.0,30,measured
1981.mp4,Day,118.28,0.0,30,measured
1984.mp4,Day,92.87,0.0,30,measured
1985.mp4,Day,91.81,0.0,30,measured
1986.mp4,Day,120.69,0.0,30,measured
1987.mp4,Day,130.57,0.0,30,measured
1988.mp4,Day,103.88,0.0,30,measured
1989.mp4,Day,78.08,0.0,30,measured
1990.mp4,Day,63.91,0.0,30,measured
1992.mp4,Day,84.17,0.0,30,measured
1993.mp4,Day,90.08,0.0,30,measured
1995.mp4,Day,119.69,0.0,30,measured
1996.mp4,Day,100.96,0.0,30,measured
1998.mp4,Day,126.92,0.0,30,measured
2000.mp4,Day,112.68,0.0,30,measured
2001.mp4,Day,82.31,0.0,30,measured
2002.mp4,Day,106.62,0.0,30,measured
2006.mp4,Day,126.46,0.0,30,measured
2008.mp4,Day,87.28,0.0,30,measured
2010.mp4,Day,129.52,0.0,30,measured
2011.mp4,Day,117.01,0.0,30,measured
2012.mp4,Day,98.4,0.0,30,measured
2013.mp4,Day,96.81,0.0,30,measured
2015.mp4,Day,91.09,0.0,30,measured
2017.mp4,Day,90.12,0.0,30,measured
